0,-0,0,0,0,0,0,1
0.01,-0,0,0,0,0,0,1
0.02,-0,0,0,0,0,0,1
0.03,-0,0,0,0,0,0,1
0.04,-0,0,0,0,0,0,1
0.05,-0,0,0,0,0,0,1
0.06,-0,0,0,0,0,0,1
0.07,-0,0,0,0,0,0,1
0.08,-0,0,0,0,0,0,1
0.09,-0,0,0,0,0,0,1
0.1,-0,0,0,0,0,0,1
0.11,-0,0,0,0,0,0,1
0.12,-0,0,0,0,0,0,1
0.13,-0,0,0,0,0,0,1
0.14,-0,0,0,0,0,0,1
0.15,-0,0,0,0,0,0,1
0.16,-0,0,0,0,0,0,1
0.17,-0,0,0,0,0,0,1
0.18,-0,0,0,0,0,0,1
0.19,-0,0,0,0,0,0,1
0.2,-0,0,0,0,0,0,1
0.21,-0,0,0,0,0,0,1
0.22,-0,0,0,0,0,0,1
0.23,-0,0,0,0,0,0,1
0.24,-0,0,0,0,0,0,1
0.25,-0,0,0,0,0,0,1
0.26,-0,0,0,0,0,0,1
0.27,-0,0,0,0,0,0,1
0.28,-0,0,0,0,0,0,1
0.29,-0,0,0,0,0,0,1
0.3,-0,0,0,0,0,0,1
0.31,-0,0,0,0,0,0,1
0.32,-0,0,0,0,0,0,1
0.33,-0,0,0,0,0,0,1
0.34,-0,0,0,0,0,0,1
0.35,-0,0,0,0,0,0,1
0.36,-0,0,0,0,0,0,1
0.37,-0,0,0,0,0,0,1
0.38,-0,0,0,0,0,0,1
0.39,-0,0,0,0,0,0,1
0.4,-0,0,0,0,0,0,1
0.41,-0,0,0,0,0,0,1
0.42,-0,0,0,0,0,0,1
0.43,-0,0,0,0,0,0,1
0.44,-0,0,0,0,0,0,1
0.45,-0,0,0,0,0,0,1
0.46,-0,0,0,0,0,0,1
0.47,-0,0,0,0,0,0,1
0.48,-0,0,0,0,0,0,1
0.49,-0,0,0,0,0,0,1
0.5,-0,0,0,0,0,0,1
0.51,-0,0,0,0,0,0,1
0.52,-0,0,0,0,0,0,1
0.53,-0,0,0,0,0,0,1
0.54,-0,0,0,0,0,0,1
0.55,-0,0,0,0,0,0,1
0.56,-0,0,0,0,0,0,1
0.57,-0,0,0,0,0,0,1
0.58,-0,0,0,0,0,0,1
0.59,-0,0,0,0,0,0,1
0.6,-0,0,0,0,0,0,1
0.61,-0,0,0,0,0,0,1
0.62,-0,0,0,0,0,0,1
0.63,-0,0,0,0,0,0,1
0.64,-0,0,0,0,0,0,1
0.65,-0,0,0,0,0,0,1
0.66,-0,0,0,0,0,0,1
0.67,-0,0,0,0,0,0,1
0.68,-0,0,0,0,0,0,1
0.69,-0,0,0,0,0,0,1
0.7,-0,0,0,0,0,0,1
0.71,-0,0,0,0,0,0,1
0.72,-0,0,0,0,0,0,1
0.73,-0,0,0,0,0,0,1
0.74,-0,0,0,0,0,0,1
0.75,-0,0,0,0,0,0,1
0.76,-0,0,0,0,0,0,1
0.77,-0,0,0,0,0,0,1
0.78,-0,0,0,0,0,0,1
0.79,-0,0,0,0,0,0,1
0.8,-0,0,0,0,0,0,1
0.81,-0,0,0,0,0,0,1
0.82,-0,0,0,0,0,0,1
0.83,-0,0,0,0,0,0,1
0.84,-0,0,0,0,0,0,1
0.85,-0,0,0,0,0,0,1
0.86,-0,0,0,0,0,0,1
0.87,-0,0,0,0,0,0,1
0.88,-0,0,0,0,0,0,1
0.89,-0,0,0,0,0,0,1
0.9,-0,0,0,0,0,0,1
0.91,-0,0,0,0,0,0,1
0.92,-0,0,0,0,0,0,1
0.93,-0,0,0,0,0,0,1
0.94,-0,0,0,0,0,0,1
0.95,-0,0,0,0,0,0,1
0.96,-0,0,0,0,0,0,1
0.97,-0,0,0,0,0,0,1
0.98,-0,0,0,0,0,0,1
0.99,-0,0,0,0,0,0,1
1,-0,0,0,0,0,0,1
1.01,-0,0,0,0,0,0,1
1.02,-0,0,0,0,0,0,1
1.03,-0,0,0,0,0,0,1
1.04,-0,0,0,0,0,0,1
1.05,-0,0,0,0,0,0,1
1.06,-0,0,0,0,0,0,1
1.07,-0,0,0,0,0,0,1
1.08,-0,0,0,0,0,0,1
1.09,-0,0,0,0,0,0,1
1.1,-0,0,0,0,0,0,1
1.11,-0,0,0,0,0,0,1
1.12,-0,0,0,0,0,0,1
1.13,-0,0,0,0,0,0,1
1.14,-0,0,0,0,0,0,1
1.15,-0,0,0,0,0,0,1
1.16,-0,0,0,0,0,0,1
1.17,-0,0,0,0,0,0,1
1.18,-0,0,0,0,0,0,1
1.19,-0,0,0,0,0,0,1
1.2,-0,0,0,0,0,0,1
1.21,-0,0,0,0,0,0,1
1.22,-0,0,0,0,0,0,1
1.23,-0,0,0,0,0,0,1
1.24,-0,0,0,0,0,0,1
1.25,-0,0,0,0,0,0,1
1.26,-0,0,0,0,0,0,1
1.27,-0,0,0,0,0,0,1
1.28,-0,0,0,0,0,0,1
1.29,-0,0,0,0,0,0,1
1.3,-0,0,0,0,0,0,1
1.31,-0,0,0,0,0,0,1
1.32,-0,0,0,0,0,0,1
1.33,-0,0,0,0,0,0,1
1.34,-0,0,0,0,0,0,1
1.35,-0,0,0,0,0,0,1
1.36,-0,0,0,0,0,0,1
1.37,-0,0,0,0,0,0,1
1.38,-0,0,0,0,0,0,1
1.39,-0,0,0,0,0,0,1
1.4,-0,0,0,0,0,0,1
1.41,-0,0,0,0,0,0,1
1.42,-0,0,0,0,0,0,1
1.43,-0,0,0,0,0,0,1
1.44,-0,0,0,0,0,0,1
1.45,-0,0,0,0,0,0,1
1.46,-0,0,0,0,0,0,1
1.47,-0,0,0,0,0,0,1
1.48,-0,0,0,0,0,0,1
1.49,-0,0,0,0,0,0,1
1.5,-0,0,0,0,0,0,1
1.51,-0,0,0,0,0,0,1
1.52,-0,0,0,0,0,0,1
1.53,-0,0,0,0,0,0,1
1.54,-0,0,0,0,0,0,1
1.55,-0,0,0,0,0,0,1
1.56,-0,0,0,0,0,0,1
1.57,-0,0,0,0,0,0,1
1.58,-0,0,0,0,0,0,1
1.59,-0,0,0,0,0,0,1
1.6,-0,0,0,0,0,0,1
1.61,-0,0,0,0,0,0,1
1.62,-0,0,0,0,0,0,1
1.63,-0,0,0,0,0,0,1
1.64,-0,0,0,0,0,0,1
1.65,-0,0,0,0,0,0,1
1.66,-0,0,0,0,0,0,1
1.67,-0,0,0,0,0,0,1
1.68,-0,0,0,0,0,0,1
1.69,-0,0,0,0,0,0,1
1.7,-0,0,0,0,0,0,1
1.71,-0,0,0,0,0,0,1
1.72,-0,0,0,0,0,0,1
1.73,-0,0,0,0,0,0,1
1.74,-0,0,0,0,0,0,1
1.75,-0,0,0,0,0,0,1
1.76,-0,0,0,0,0,0,1
1.77,-0,0,0,0,0,0,1
1.78,-0,0,0,0,0,0,1
1.79,-0,0,0,0,0,0,1
1.8,-0,0,0,0,0,0,1
1.81,-0,0,0,0,0,0,1
1.82,-0,0,0,0,0,0,1
1.83,-0,0,0,0,0,0,1
1.84,-0,0,0,0,0,0,1
1.85,-0,0,0,0,0,0,1
1.86,-0,0,0,0,0,0,1
1.87,-0,0,0,0,0,0,1
1.88,-0,0,0,0,0,0,1
1.89,-0,0,0,0,0,0,1
1.9,-0,0,0,0,0,0,1
1.91,-0,0,0,0,0,0,1
1.92,-0,0,0,0,0,0,1
1.93,-0,0,0,0,0,0,1
1.94,-0,0,0,0,0,0,1
1.95,-0,0,0,0,0,0,1
1.96,-0,0,0,0,0,0,1
1.97,-0,0,0,0,0,0,1
1.98,-0,0,0,0,0,0,1
1.99,-0,0,0,0,0,0,1
2,-0,0,0,0,0,0,1
2.01,-0,0,0,0,0,0,1
2.02,-0,0,0,0,0,0,1
2.03,-0,0,0,0,0,0,1
2.04,-0,0,0,0,0,0,1
2.05,-0,0,0,0,0,0,1
2.06,-0,0,0,0,0,0,1
2.07,-0,0,0,0,0,0,1
2.08,-0,0,0,0,0,0,1
2.09,-0,0,0,0,0,0,1
2.1,-0,0,0,0,0,0,1
2.11,-0,0,0,0,0,0,1
2.12,-0,0,0,0,0,0,1
2.13,-0,0,0,0,0,0,1
2.14,-0,0,0,0,0,0,1
2.15,-0,0,0,0,0,0,1
2.16,-0,0,0,0,0,0,1
2.17,-0,0,0,0,0,0,1
2.18,-0,0,0,0,0,0,1
2.19,-0,0,0,0,0,0,1
2.2,-0,0,0,0,0,0,1
2.21,-0,0,0,0,0,0,1
2.22,-0,0,0,0,0,0,1
2.23,-0,0,0,0,0,0,1
2.24,-0,0,0,0,0,0,1
2.25,-0,0,0,0,0,0,1
2.26,-0,0,0,0,0,0,1
2.27,-0,0,0,0,0,0,1
2.28,-0,0,0,0,0,0,1
2.29,-0,0,0,0,0,0,1
2.3,-0,0,0,0,0,0,1
2.31,-0,0,0,0,0,0,1
2.32,-0,0,0,0,0,0,1
2.33,-0,0,0,0,0,0,1
2.34,-0,0,0,0,0,0,1
2.35,-0,0,0,0,0,0,1
2.36,-0,0,0,0,0,0,1
2.37,-0,0,0,0,0,0,1
2.38,-0,0,0,0,0,0,1
2.39,-0,0,0,0,0,0,1
2.4,-0,0,0,0,0,0,1
2.41,-0,0,0,0,0,0,1
2.42,-0,0,0,0,0,0,1
2.43,-0,0,0,0,0,0,1
2.44,-0,0,0,0,0,0,1
2.45,-0,0,0,0,0,0,1
2.46,-0,0,0,0,0,0,1
2.47,-0,0,0,0,0,0,1
2.48,-0,0,0,0,0,0,1
2.49,-0,0,0,0,0,0,1
2.5,-0,0,0,0,0,0,1
2.51,-0,0,0,0,0,0,1
2.52,-0,0,0,0,0,0,1
2.53,-0,0,0,0,0,0,1
2.54,-0,0,0,0,0,0,1
2.55,-0,0,0,0,0,0,1
2.56,-0,0,0,0,0,0,1
2.57,-0,0,0,0,0,0,1
2.58,-0,0,0,0,0,0,1
2.59,-0,0,0,0,0,0,1
2.6,-0,0,0,0,0,0,1
2.61,-0,0,0,0,0,0,1
2.62,-0,0,0,0,0,0,1
2.63,-0,0,0,0,0,0,1
2.64,-0,0,0,0,0,0,1
2.65,-0,0,0,0,0,0,1
2.66,-0,0,0,0,0,0,1
2.67,-0,0,0,0,0,0,1
2.68,-0,0,0,0,0,0,1
2.69,-0,0,0,0,0,0,1
2.7,-0,0,0,0,0,0,1
2.71,-0,0,0,0,0,0,1
2.72,-0,0,0,0,0,0,1
2.73,-0,0,0,0,0,0,1
2.74,-0,0,0,0,0,0,1
2.75,-0,0,0,0,0,0,1
2.76,-0,0,0,0,0,0,1
2.77,-0,0,0,0,0,0,1
2.78,-0,0,0,0,0,0,1
2.79,-0,0,0,0,0,0,1
2.8,-0,0,0,0,0,0,1
2.81,-0,0,0,0,0,0,1
2.82,-0,0,0,0,0,0,1
2.83,-0,0,0,0,0,0,1
2.84,-0,0,0,0,0,0,1
2.85,-0,0,0,0,0,0,1
2.86,-0,0,0,0,0,0,1
2.87,-0,0,0,0,0,0,1
2.88,-0,0,0,0,0,0,1
2.89,-0,0,0,0,0,0,1
2.9,-0,0,0,0,0,0,1
2.91,-0,0,0,0,0,0,1
2.92,-0,0,0,0,0,0,1
2.93,-0,0,0,0,0,0,1
2.94,-0,0,0,0,0,0,1
2.95,-0.0191301,-0.190177,0.0807927,-0.0278644,0.0167157,-0.00676672,0.999449
2.96,-0.0200031,-0.200918,0.0851786,-0.0275674,0.0179567,-0.00654561,0.999437
2.97,-0.0203251,-0.211477,0.0895468,-0.0269534,0.0193802,-0.00646009,0.999428
2.98,-0.0206305,-0.222997,0.0939017,-0.0258026,0.0206184,-0.00616256,0.999435
2.99,-0.0205191,-0.23424,0.0982224,-0.0245755,0.0218723,-0.00592465,0.999441
3,-0.0201267,-0.245998,0.103011,-0.0239492,0.0230102,-0.00570449,0.999432
3.01,-0.0200374,-0.257893,0.10781,-0.023239,0.0242138,-0.00525144,0.999423
3.02,-0.0191231,-0.269767,0.112736,-0.0227087,0.0257506,-0.00503292,0.999398
3.03,-0.0180122,-0.282223,0.117485,-0.0217242,0.0272868,-0.00462971,0.999381
3.04,-0.0174984,-0.29702,0.122747,-0.0214452,0.0289366,-0.00368153,0.999344
3.05,-0.0159473,-0.309651,0.127659,-0.020273,0.0301745,-0.00340291,0.999333
3.06,-0.0143527,-0.322513,0.132484,-0.0188251,0.032177,-0.00270732,0.999301
3.07,-0.0124503,-0.335296,0.137833,-0.0182766,0.0340564,-0.00216902,0.99925
3.08,-0.010838,-0.347897,0.143226,-0.0173822,0.0362587,-0.0016179,0.99919
3.09,-0.00850061,-0.360909,0.148982,-0.0168506,0.0383543,-0.00100909,0.999122
3.1,-0.00603666,-0.374014,0.154523,-0.0156852,0.0402547,-0.000296795,0.999066
3.11,-0.0033229,-0.387288,0.160323,-0.0148652,0.0421416,0.000223222,0.999001
3.12,-8.11794e-07,-0.401002,0.165622,-0.0135119,0.0444116,0.000835609,0.998922
3.13,0.00342613,-0.414321,0.170703,-0.0116835,0.0468175,0.0021712,0.998833
3.14,0.0077859,-0.427877,0.176402,-0.0104083,0.0487896,0.00266839,0.998751
3.15,0.0122827,-0.441837,0.181859,-0.00865942,0.0503668,0.00337603,0.998688
3.16,0.0178538,-0.455547,0.187473,-0.00704597,0.0513894,0.00381017,0.998647
3.17,0.0232939,-0.469551,0.193143,-0.00530195,0.053459,0.00432061,0.998547
3.18,0.0291289,-0.483126,0.198908,-0.00355135,0.0556189,0.00490626,0.998434
3.19,0.0358799,-0.496767,0.204789,-0.00179901,0.0572062,0.00539589,0.998346
3.2,0.0432718,-0.510687,0.210709,-0.000176873,0.0583707,0.00575857,0.998278
3.21,0.0506476,-0.524585,0.216458,0.00185029,0.0595941,0.00631473,0.998201
3.22,0.059011,-0.537129,0.221733,0.00378686,0.0610378,0.00750226,0.9981
3.23,0.0679976,-0.5504,0.227583,0.0057125,0.062386,0.00774717,0.998006
3.24,0.0772893,-0.564032,0.23365,0.00760072,0.0636686,0.00835978,0.997907
3.25,0.0876273,-0.577391,0.239588,0.00950766,0.064912,0.00879423,0.997807
3.26,0.0983357,-0.590232,0.245169,0.0118579,0.0661988,0.00916827,0.997694
3.27,0.109788,-0.603305,0.250301,0.014345,0.0663766,0.00979916,0.997643
3.28,0.122308,-0.616372,0.255745,0.0166306,0.0667264,0.0101652,0.997581
3.29,0.135279,-0.629179,0.261379,0.018804,0.0671417,0.0106463,0.997509
3.3,0.148846,-0.641291,0.266396,0.0216259,0.0676723,0.0114398,0.997408
3.31,0.162701,-0.653003,0.271674,0.0239935,0.0683591,0.0117007,0.997304
3.32,0.176781,-0.664152,0.275563,0.0268883,0.0687594,0.0127329,0.99719
3.33,0.191691,-0.676292,0.280108,0.0299283,0.0691367,0.0133641,0.997069
3.34,0.2082,-0.687375,0.285303,0.0320602,0.0685238,0.0136568,0.997041
3.35,0.224423,-0.698553,0.290517,0.0344619,0.068742,0.0143655,0.996936
3.36,0.241347,-0.708463,0.296612,0.0361322,0.0689369,0.01501,0.996853
3.37,0.258742,-0.717533,0.302665,0.0379345,0.0690116,0.0155083,0.996774
3.38,0.276911,-0.726413,0.308404,0.0400658,0.0692685,0.0159633,0.996665
3.39,0.294837,-0.735019,0.313454,0.0424943,0.0691207,0.0165982,0.996565
3.4,0.31454,-0.743891,0.31888,0.0444198,0.0689616,0.0170899,0.996483
3.41,0.334852,-0.749994,0.322292,0.0475346,0.0677985,0.0176509,0.99641
3.42,0.35582,-0.758338,0.327168,0.049561,0.0668127,0.0183336,0.996365
3.43,0.377862,-0.764714,0.332316,0.0514897,0.0659768,0.0183805,0.996322
3.44,0.399816,-0.771247,0.336678,0.0540923,0.065321,0.018802,0.99622
3.45,0.422599,-0.776785,0.341244,0.0562805,0.0644364,0.0190825,0.996151
3.46,0.445905,-0.78112,0.346679,0.0579504,0.0635253,0.019045,0.996114
3.47,0.469647,-0.785527,0.35147,0.0599696,0.0628237,0.0192472,0.996035
3.48,0.494493,-0.78813,0.356288,0.061908,0.0619002,0.0192226,0.995975
3.49,0.519346,-0.788595,0.36096,0.0638818,0.0603347,0.0189346,0.995952
3.5,0.545582,-0.790512,0.36572,0.065424,0.0588783,0.018945,0.995939
3.51,0.57267,-0.790792,0.369325,0.0673738,0.0569788,0.0187201,0.995924
3.52,0.60084,-0.790115,0.373018,0.0688531,0.0547885,0.018278,0.995954
3.53,0.628284,-0.788488,0.377141,0.0701112,0.0526565,0.0180728,0.995984
3.54,0.656717,-0.785864,0.381188,0.0710715,0.0504586,0.0177329,0.996036
3.55,0.686297,-0.78165,0.385117,0.0718322,0.0478833,0.0170375,0.996121
3.56,0.715809,-0.775617,0.388176,0.07363,0.0457619,0.016311,0.996102
3.57,0.745123,-0.771263,0.392158,0.0746203,0.0438633,0.0157932,0.996122
3.58,0.774475,-0.765501,0.395277,0.0759138,0.0418477,0.015109,0.996121
3.59,0.803876,-0.758902,0.398288,0.0777209,0.0401941,0.0144397,0.99606
3.6,0.833822,-0.75138,0.400993,0.0788892,0.0379701,0.0136025,0.996067
3.61,0.864004,-0.742553,0.402965,0.0807311,0.0359206,0.0127497,0.996007
3.62,0.895155,-0.73273,0.403633,0.0830135,0.0331226,0.0116713,0.995929
3.63,0.926213,-0.722623,0.403545,0.0848023,0.0302463,0.0108685,0.995879
3.64,0.95612,-0.710602,0.404214,0.0863761,0.027503,0.0100615,0.995832
3.65,0.985824,-0.698206,0.406948,0.0870462,0.0253318,0.0094005,0.995838
3.66,1.01584,-0.683496,0.409811,0.0868965,0.0227385,0.00867975,0.99592
3.67,1.04604,-0.667644,0.410909,0.0867324,0.0194879,0.00805654,0.996008
3.68,1.07792,-0.651179,0.412343,0.0869082,0.0163461,0.00744974,0.996054
3.69,1.1078,-0.633585,0.41281,0.0863376,0.013036,0.0068291,0.996157
3.7,1.13732,-0.616365,0.413042,0.0862377,0.00992493,0.00636979,0.996205
3.71,1.16751,-0.597301,0.411302,0.0868504,0.00640782,0.00557453,0.996185
3.72,1.198,-0.576893,0.407595,0.0870209,0.00201059,0.00460272,0.996194
3.73,1.22657,-0.556114,0.405137,0.0868054,-0.00186824,0.00404587,0.996215
3.74,1.25612,-0.532734,0.403782,0.0853397,-0.00564506,0.00304538,0.996331
3.75,1.28638,-0.508276,0.403556,0.0828336,-0.0096556,0.00218748,0.996514
3.76,1.31428,-0.48237,0.40018,0.0812471,-0.0138979,0.00114642,0.996596
3.77,1.34126,-0.456458,0.39673,0.0799119,-0.0178016,5.63446e-05,0.996643
3.78,1.3681,-0.428853,0.39326,0.0794315,-0.0213118,-0.00124462,0.996612
3.79,1.39336,-0.4024,0.390456,0.0783521,-0.0246265,-0.00219228,0.996619
3.8,1.41811,-0.372854,0.387928,0.0770008,-0.0277663,-0.00378175,0.996637
3.81,1.44239,-0.344675,0.389111,0.0750446,-0.0299375,-0.00471437,0.99672
3.82,1.46486,-0.314416,0.385538,0.0732599,-0.0332302,-0.00587935,0.996742
3.83,1.4876,-0.2832,0.381486,0.071047,-0.0366164,-0.00723808,0.996774
3.84,1.50946,-0.252719,0.374154,0.0696938,-0.0409255,-0.00818458,0.996695
3.85,1.53173,-0.219483,0.364988,0.0673401,-0.0457602,-0.00927302,0.996637
3.86,1.55287,-0.186502,0.354962,0.0652658,-0.0509004,-0.0100411,0.996518
3.87,1.57291,-0.15369,0.342888,0.0633302,-0.0563309,-0.0111064,0.99634
3.88,1.5916,-0.120114,0.330496,0.061146,-0.0616583,-0.0120412,0.99615
3.89,1.60843,-0.0868809,0.32202,0.0593572,-0.0656181,-0.0130363,0.995992
3.9,1.62319,-0.0532463,0.316225,0.0569689,-0.0686167,-0.0140222,0.995917
3.91,1.63629,-0.0198107,0.311772,0.0548332,-0.0711157,-0.0146693,0.995852
3.92,1.64825,0.0143216,0.306908,0.0527641,-0.0736728,-0.015556,0.995764
3.93,1.65928,0.0483003,0.301119,0.0502592,-0.0763949,-0.0163131,0.995677
3.94,1.66882,0.0824884,0.294417,0.0479158,-0.0792761,-0.0169942,0.995555
3.95,1.67729,0.117796,0.289242,0.0451542,-0.081571,-0.0176619,0.995487
3.96,1.68428,0.152023,0.286095,0.0429259,-0.0832655,-0.0180184,0.995439
3.97,1.68964,0.186881,0.282637,0.040361,-0.0850091,-0.0187728,0.995385
3.98,1.69382,0.221972,0.279199,0.0374585,-0.0865905,-0.0194627,0.995349
3.99,1.6968,0.256235,0.276293,0.0346083,-0.0879916,-0.0198646,0.995322
4,1.69763,0.29064,0.274702,0.0313438,-0.0888804,-0.0202025,0.995344
4.01,1.69762,0.32497,0.276471,0.0287167,-0.0887594,-0.0206165,0.995426
4.02,1.69641,0.360306,0.275527,0.0254845,-0.0892676,-0.0212387,0.995455
4.03,1.69446,0.395329,0.27309,0.0233271,-0.0903382,-0.0218592,0.995398
4.04,1.69216,0.428537,0.267457,0.0230799,-0.0928838,-0.0224441,0.995156
4.05,1.68932,0.461833,0.2593,0.0224674,-0.0960582,-0.0231783,0.994852
4.06,1.68511,0.494247,0.253318,0.0216117,-0.0985416,-0.0235701,0.994619
4.07,1.67882,0.527973,0.247581,0.0185733,-0.10037,-0.0238477,0.994491
4.08,1.67122,0.559852,0.245449,0.0139314,-0.10052,-0.0233706,0.994563
4.09,1.66198,0.594282,0.245274,0.00849167,-0.0997638,-0.0228961,0.994711
4.1,1.6515,0.628717,0.244832,0.00138432,-0.0981562,-0.0222986,0.99492
4.11,1.6394,0.662063,0.243882,-0.005443,-0.0966685,-0.0215224,0.995069
4.12,1.62687,0.696231,0.242779,-0.012421,-0.0948607,-0.0210063,0.995191
4.13,1.61222,0.728185,0.24232,-0.0186719,-0.0929902,-0.0202996,0.995285
4.14,1.59737,0.761139,0.241513,-0.0245604,-0.0910956,-0.0198879,0.995341
4.15,1.58106,0.792521,0.241314,-0.0300223,-0.0890034,-0.0192849,0.995392
4.16,1.56428,0.822921,0.241064,-0.0351785,-0.0869659,-0.018852,0.995411
4.17,1.54671,0.852526,0.237796,-0.0406632,-0.085637,-0.01857,0.995323
4.18,1.52798,0.88104,0.235319,-0.0447371,-0.0844725,-0.0182005,0.995255
4.19,1.50858,0.909293,0.228023,-0.0506262,-0.0836868,-0.0178216,0.995046
4.2,1.48874,0.936694,0.223362,-0.0559755,-0.0822326,-0.0172324,0.994891
4.21,1.46748,0.963872,0.218258,-0.0615723,-0.0805319,-0.0167881,0.994707
4.22,1.44589,0.98921,0.215548,-0.0663201,-0.0784784,-0.0161946,0.994576
4.23,1.42217,1.01442,0.216521,-0.0686904,-0.0762864,-0.0158211,0.994591
4.24,1.39797,1.03682,0.216657,-0.0726223,-0.0734895,-0.0155489,0.994527
4.25,1.37323,1.05854,0.219949,-0.0751643,-0.0704463,-0.015186,0.994564
4.26,1.34741,1.08139,0.220853,-0.0779754,-0.067822,-0.0150835,0.994531
4.27,1.32172,1.10239,0.221478,-0.0804382,-0.0655529,-0.0149308,0.99449
4.28,1.29513,1.12215,0.216985,-0.0839783,-0.0642771,-0.01495,0.99428
4.29,1.26901,1.1396,0.214936,-0.0870232,-0.062415,-0.014625,0.994142
4.3,1.24007,1.15881,0.214532,-0.0879377,-0.0613278,-0.0146436,0.994128
4.31,1.21069,1.17593,0.215852,-0.0895871,-0.0591231,-0.0149475,0.99411
4.32,1.18133,1.18992,0.218957,-0.0910091,-0.0565186,-0.0147846,0.994135
4.33,1.152,1.20412,0.21789,-0.0929403,-0.0550457,-0.0148085,0.994039
4.34,1.12227,1.21638,0.21667,-0.0950143,-0.0535117,-0.0147264,0.993928
4.35,1.09063,1.22858,0.218872,-0.0964317,-0.0508987,-0.0147462,0.993928
4.36,1.05981,1.23841,0.222903,-0.096917,-0.0479046,-0.0141473,0.994038
4.37,1.02782,1.24746,0.225503,-0.0985303,-0.0450014,-0.0141635,0.994015
4.38,0.995149,1.25549,0.227337,-0.100023,-0.0422743,-0.0141631,0.993986
4.39,0.961443,1.26326,0.229472,-0.100988,-0.0399038,-0.0144471,0.993982
4.4,0.92825,1.26876,0.233256,-0.101571,-0.0371479,-0.0146051,0.994027
4.41,0.892888,1.27322,0.23886,-0.101288,-0.0344031,-0.0151576,0.994147
4.42,0.858795,1.27638,0.245892,-0.101006,-0.0307704,-0.0151244,0.994295
4.43,0.823325,1.27878,0.248873,-0.102288,-0.0271607,-0.0154638,0.994264
4.44,0.787071,1.28036,0.253471,-0.103308,-0.0226908,-0.0157193,0.994266
4.45,0.749561,1.28137,0.256425,-0.104799,-0.0181362,-0.0161918,0.994196
4.46,0.712171,1.28037,0.261019,-0.105992,-0.0127884,-0.016404,0.994149
4.47,0.675093,1.27786,0.264513,-0.107512,-0.00744612,-0.0165266,0.994038
4.48,0.637258,1.27425,0.269364,-0.108403,-0.00192897,-0.0170064,0.99396
4.49,0.599557,1.26975,0.274635,-0.108713,0.00315834,-0.0175606,0.993913
4.5,0.562872,1.26403,0.277766,-0.109311,0.00746239,-0.0181502,0.993814
4.51,0.527084,1.2571,0.279631,-0.109859,0.0107472,-0.0187723,0.993712
4.52,0.490581,1.24805,0.282241,-0.110266,0.0148607,-0.0194763,0.9936
4.53,0.455705,1.23781,0.287236,-0.110078,0.0191235,-0.0198538,0.993541
4.54,0.419944,1.22613,0.292266,-0.109588,0.0238379,-0.0204097,0.993482
4.55,0.38474,1.21344,0.295131,-0.109558,0.0278076,-0.0209416,0.993371
4.56,0.351138,1.19931,0.297047,-0.109541,0.0309356,-0.0215354,0.993267
4.57,0.317739,1.1842,0.29873,-0.109465,0.0336204,-0.0222554,0.993173
4.58,0.28586,1.16671,0.301507,-0.109004,0.0376651,-0.0224901,0.993073
4.59,0.256083,1.14772,0.306755,-0.10804,0.0422122,-0.022585,0.992993
4.6,0.22399,1.1288,0.310888,-0.106949,0.0462087,-0.0230097,0.992924
4.61,0.193433,1.10743,0.314235,-0.105985,0.0504576,-0.0232619,0.992814
4.62,0.163017,1.08618,0.317613,-0.105127,0.0548457,-0.0234298,0.992669
4.63,0.135438,1.06292,0.32146,-0.103783,0.0590752,-0.0235059,0.992566
4.64,0.108744,1.03866,0.324892,-0.10226,0.0619846,-0.0235514,0.992545
4.65,0.0850356,1.0107,0.327867,-0.100667,0.0651637,-0.0233342,0.99251
4.66,0.0590093,0.984115,0.334766,-0.0976948,0.0689342,-0.0236486,0.992544
4.67,0.0351759,0.95484,0.3396,-0.095026,0.0729659,-0.0234191,0.992521
4.68,0.0121504,0.926292,0.345989,-0.0917279,0.076225,-0.0234265,0.992586
4.69,-0.00949688,0.895539,0.351943,-0.088435,0.0789315,-0.0235887,0.992669
4.7,-0.0267606,0.864583,0.357801,-0.0848597,0.0814592,-0.0232968,0.992784
4.71,-0.0452831,0.833076,0.362477,-0.0820924,0.0838775,-0.0231538,0.992819
4.72,-0.0622258,0.802776,0.36532,-0.0802137,0.0854215,-0.023457,0.992834
4.73,-0.0773205,0.77161,0.368818,-0.0780689,0.086978,-0.0234063,0.992871
4.74,-0.0920732,0.739005,0.371811,-0.0761142,0.0890975,-0.0233134,0.992837
4.75,-0.105956,0.705956,0.375238,-0.0738444,0.0915275,-0.0230466,0.992793
4.76,-0.117873,0.672173,0.378424,-0.0712305,0.093702,-0.0227956,0.992787
4.77,-0.128717,0.637949,0.381369,-0.0688062,0.0962208,-0.0225545,0.992723
4.78,-0.128717,0.637949,0.381369,-0.0688062,0.0962208,-0.0225545,0.992723
4.79,-0.128717,0.637949,0.381369,-0.0688062,0.0962208,-0.0225545,0.992723
4.8,-0.152336,0.5363,0.398181,-0.0584219,0.0991617,-0.0217723,0.993116
4.81,-0.155919,0.500214,0.400358,-0.056579,0.099931,-0.0214316,0.993153
4.82,-0.159097,0.466751,0.405389,-0.0534419,0.100145,-0.021285,0.993309
4.83,-0.160287,0.431817,0.408482,-0.05147,0.100468,-0.0210663,0.993385
4.84,-0.161501,0.395855,0.412705,-0.048004,0.101074,-0.02089,0.993501
4.85,-0.161411,0.359759,0.417705,-0.0429043,0.101638,-0.0200864,0.993693
4.86,-0.159651,0.322742,0.422272,-0.0381662,0.102157,-0.0196019,0.993843
4.87,-0.156288,0.285398,0.426344,-0.033693,0.102822,-0.0189803,0.993948
4.88,-0.153169,0.250881,0.433645,-0.0273569,0.104092,-0.0183316,0.994022
4.89,-0.148344,0.213325,0.436584,-0.0236993,0.105191,-0.0176352,0.994013
4.9,-0.142563,0.176547,0.439314,-0.0189673,0.106019,-0.0164463,0.994047
4.91,-0.134426,0.139496,0.442068,-0.0152225,0.10669,-0.0153376,0.994058
4.92,-0.125533,0.1028,0.445239,-0.0113956,0.106702,-0.0144856,0.99412
4.93,-0.113578,0.0714583,0.447909,-0.00575476,0.10717,-0.0136974,0.99413
4.94,-0.103225,0.0372494,0.452224,-0.000550406,0.105805,-0.0127519,0.994305
4.95,-0.0912014,-0.000332011,0.453265,0.00406106,0.105728,-0.0110327,0.994326
4.96,-0.0783882,-0.0365458,0.455089,0.00925087,0.10607,-0.00995008,0.994266
4.97,-0.0639553,-0.0711599,0.456024,0.0156133,0.107144,-0.00879024,0.994082
4.98,-0.0487174,-0.106064,0.457169,0.0205343,0.107435,-0.00731258,0.993973
4.99,-0.0328353,-0.139214,0.457977,0.025147,0.107703,-0.00596234,0.993847
5,-0.0147983,-0.168913,0.45868,0.0297872,0.107213,-0.00457057,0.993779
5.01,0.004262,-0.2011,0.459321,0.033133,0.106353,-0.0027742,0.993772
5.02,0.0238867,-0.227417,0.460645,0.038108,0.104133,-0.00162121,0.993832
5.03,0.0458024,-0.254508,0.460728,0.0415716,0.10218,8.80672e-05,0.993897
5.04,0.0692542,-0.278675,0.461719,0.0460367,0.100823,0.00139631,0.993838
5.05,0.0907026,-0.310172,0.462218,0.0479092,0.0985713,0.00317035,0.993971
5.06,0.113516,-0.33747,0.461114,0.0526144,0.0959145,0.00452213,0.993988
5.07,0.138588,-0.365051,0.460513,0.0565248,0.0937587,0.0059144,0.993971
5.08,0.163251,-0.391983,0.45947,0.0608681,0.0923544,0.00726862,0.993837
5.09,0.188645,-0.415789,0.458364,0.0648874,0.0907043,0.00816889,0.993728
5.1,0.214612,-0.439264,0.457783,0.0682174,0.0893447,0.00910014,0.99362
5.11,0.241925,-0.4617,0.457818,0.0707411,0.0869566,0.0101013,0.993646
5.12,0.271239,-0.480178,0.457529,0.0745201,0.0857304,0.0106975,0.99347
5.13,0.297867,-0.497925,0.457375,0.0761667,0.0834812,0.0111442,0.993532
5.14,0.326424,-0.51654,0.458552,0.0780025,0.0823308,0.0118978,0.993477
5.15,0.355314,-0.533706,0.459595,0.0802395,0.0806877,0.0125042,0.993426
5.16,0.386905,-0.548513,0.458501,0.0828772,0.0781575,0.0126954,0.993409
5.17,0.419043,-0.563101,0.458261,0.0848601,0.075327,0.01314,0.993455
5.18,0.452572,-0.575449,0.457702,0.0863156,0.0715238,0.0135899,0.993604
5.19,0.486593,-0.586652,0.456218,0.0883168,0.0678034,0.0138826,0.993685
5.2,0.521476,-0.596132,0.454819,0.0900088,0.0641122,0.0138301,0.993779
5.21,0.55621,-0.604804,0.453188,0.0921036,0.0605734,0.0141529,0.993805
5.22,0.590651,-0.612835,0.450746,0.0940021,0.0564752,0.0145819,0.993862
5.23,0.626484,-0.619094,0.448858,0.0954628,0.0526729,0.0147327,0.993929
5.24,0.661066,-0.62559,0.445889,0.0976783,0.0490616,0.0152178,0.993892
5.25,0.695853,-0.631552,0.442392,0.100089,0.045194,0.0155941,0.993829
5.26,0.731403,-0.635593,0.437906,0.103055,0.041485,0.0157598,0.993685
5.27,0.767748,-0.638304,0.43313,0.105258,0.0370925,0.0157948,0.993627
5.28,0.804929,-0.638428,0.427831,0.107369,0.0325567,0.0160494,0.993556
5.29,0.841258,-0.636398,0.423492,0.107851,0.0275996,0.0162704,0.993651
5.3,0.87875,-0.631615,0.41905,0.10784,0.0227096,0.0162456,0.993776
5.31,0.915005,-0.625864,0.415384,0.107521,0.0181098,0.0160342,0.993909
5.32,0.950771,-0.618963,0.411885,0.106971,0.0135001,0.0160056,0.994042
5.33,0.985556,-0.610049,0.409445,0.107038,0.0101403,0.0155387,0.994082
5.34,1.02033,-0.598613,0.407132,0.106234,0.00657377,0.0146318,0.994212
5.35,1.05485,-0.58579,0.40544,0.10533,0.00321138,0.0140116,0.994333
5.36,1.08922,-0.570711,0.404029,0.103674,-0.000189201,0.0131835,0.994524
5.37,1.12331,-0.55256,0.403546,0.101788,-0.00339041,0.0119297,0.994729
5.38,1.15664,-0.533276,0.40305,0.0999425,-0.0065053,0.0103197,0.994918
5.39,1.18895,-0.514904,0.402385,0.0979747,-0.00952397,0.00918435,0.995101
5.4,1.22062,-0.493867,0.400216,0.0958696,-0.0131743,0.00754079,0.995278
5.41,1.25135,-0.470794,0.399994,0.093299,-0.0161653,0.00582329,0.99549
5.42,1.28249,-0.44621,0.396944,0.091486,-0.0198255,0.00422304,0.9956
5.43,1.31269,-0.421655,0.393049,0.0896071,-0.0236146,0.00254748,0.995694
5.44,1.34253,-0.393971,0.388714,0.0891071,-0.027235,0.000582676,0.995649
5.45,1.37031,-0.368838,0.382784,0.0876619,-0.0313964,-0.000996082,0.995655
5.46,1.39783,-0.341698,0.379108,0.0867959,-0.0345335,-0.00287504,0.995623
5.47,1.42312,-0.313808,0.376722,0.0857664,-0.0371843,-0.00479101,0.99561
5.48,1.4468,-0.28625,0.374834,0.0836706,-0.0397494,-0.00633882,0.99568
5.49,1.46988,-0.25522,0.37333,0.0816824,-0.042134,-0.00816365,0.995734
5.5,1.49231,-0.224227,0.369707,0.0791658,-0.0452351,-0.00981611,0.995786
5.51,1.51448,-0.192942,0.363625,0.0761847,-0.0490183,-0.0109866,0.995827
5.52,1.53584,-0.16034,0.356105,0.0724464,-0.0532286,-0.012133,0.995877
5.53,1.55507,-0.127889,0.349721,0.0689104,-0.0568739,-0.0133274,0.995911
5.54,1.57342,-0.0965369,0.343877,0.0661259,-0.06011,-0.0142912,0.995897
5.55,1.59067,-0.0634386,0.335804,0.0634832,-0.0639457,-0.0154077,0.995813
5.56,1.60712,-0.0312111,0.326678,0.0609766,-0.0679474,-0.0162844,0.995691
5.57,1.62176,0.00154384,0.319197,0.0588307,-0.0712569,-0.0171846,0.995573
5.58,1.63462,0.0342875,0.313905,0.0566627,-0.0738183,-0.0182052,0.995494
5.59,1.64559,0.0670164,0.310429,0.0544379,-0.0757757,-0.0190541,0.995455
5.6,1.6554,0.100029,0.308851,0.0521848,-0.0771217,-0.0199578,0.995455
5.61,1.66357,0.133041,0.306985,0.0499828,-0.0784698,-0.0208092,0.995445
5.62,1.67054,0.166956,0.306063,0.047415,-0.0794655,-0.0216672,0.995474
5.63,1.67631,0.200268,0.305289,0.0448281,-0.0803559,-0.0222388,0.995509
5.64,1.68137,0.234147,0.300802,0.0416833,-0.0821645,-0.0228155,0.995485
5.65,1.68532,0.267538,0.29551,0.0380937,-0.084051,-0.0231638,0.995464
5.66,1.68773,0.300879,0.292917,0.0353315,-0.0852366,-0.0236495,0.995453
5.67,1.68923,0.33428,0.290728,0.0326754,-0.0862455,-0.0240997,0.995446
5.68,1.68971,0.36669,0.287985,0.0291675,-0.0871798,-0.0240943,0.995474
5.69,1.68901,0.400002,0.284284,0.0253061,-0.0882042,-0.0240727,0.99549
5.7,1.68675,0.433017,0.282443,0.0212617,-0.0885354,-0.0240525,0.995556
5.71,1.68304,0.464737,0.2836,0.0192281,-0.0883498,-0.0242043,0.99561
5.72,1.67875,0.49608,0.282764,0.0183188,-0.0890932,-0.0245492,0.995552
5.73,1.67376,0.52778,0.279403,0.0162875,-0.0903079,-0.0247543,0.995473
5.74,1.66848,0.559037,0.271394,0.0127536,-0.0923923,-0.0245437,0.995338
5.75,1.66211,0.590455,0.262724,0.00859147,-0.0943954,-0.0241659,0.995204
5.76,1.65407,0.622379,0.256536,0.00403123,-0.0953755,-0.0238459,0.995148
5.77,1.64461,0.654279,0.251452,-0.0016884,-0.0955463,-0.0233863,0.995149
5.78,1.63343,0.685299,0.249476,-0.00647514,-0.0949253,-0.0229476,0.995199
5.79,1.62075,0.717,0.247918,-0.0116148,-0.0939269,-0.0226663,0.995253
5.8,1.60764,0.747659,0.246302,-0.0168222,-0.0928052,-0.0222054,0.995294
5.81,1.5937,0.776901,0.244461,-0.0216893,-0.0917203,-0.0216564,0.995313
5.82,1.57845,0.806423,0.240249,-0.0270683,-0.091009,-0.0211665,0.995257
5.83,1.5618,0.836086,0.236928,-0.0318449,-0.090101,-0.0208749,0.995204
5.84,1.54418,0.865375,0.234821,-0.0365307,-0.0887603,-0.0206603,0.995168
5.85,1.52563,0.892905,0.231681,-0.0414515,-0.0874493,-0.0203413,0.995098
5.86,1.50561,0.920451,0.230322,-0.0456427,-0.0858615,-0.0202226,0.995056
5.87,1.48451,0.947164,0.228836,-0.0499442,-0.0840613,-0.020197,0.995003
5.88,1.46347,0.972586,0.227162,-0.054026,-0.0823617,-0.0199474,0.994937
5.89,1.44019,0.998792,0.222288,-0.0587485,-0.0812021,-0.0199519,0.994765
5.9,1.41672,1.02373,0.220358,-0.0626966,-0.0794321,-0.0200157,0.994665
5.91,1.39156,1.04737,0.219621,-0.0657774,-0.0776358,-0.0201716,0.994605
5.92,1.36591,1.07021,0.222585,-0.0684836,-0.0748367,-0.0204855,0.99463
5.93,1.33854,1.09211,0.224268,-0.0714274,-0.0721306,-0.0208303,0.994616
5.94,1.31048,1.11395,0.225281,-0.0742227,-0.0697095,-0.0213768,0.994573
5.95,1.28063,1.13394,0.227661,-0.0764881,-0.0670509,-0.02214,0.994567
5.96,1.25038,1.15367,0.232023,-0.0780594,-0.0641247,-0.0229657,0.994619
5.97,1.21867,1.173,0.234019,-0.0799081,-0.06177,-0.0242307,0.994591
5.98,1.18617,1.19081,0.237337,-0.0809984,-0.0595306,-0.0255215,0.994607
5.99,1.15393,1.20712,0.239868,-0.0820568,-0.0575197,-0.0267316,0.994607
6,1.12036,1.22279,0.242136,-0.0835889,-0.0550762,-0.0280481,0.994582
6.01,1.08509,1.23707,0.246383,-0.0850899,-0.0516374,-0.0291786,0.994606
6.02,1.04938,1.2502,0.253271,-0.0860576,-0.0475013,-0.0303385,0.994695
6.03,1.0135,1.26093,0.259441,-0.0868599,-0.0435934,-0.0314128,0.99477
6.04,0.977509,1.27197,0.265459,-0.0873665,-0.0399207,-0.0325303,0.994844
6.05,0.941516,1.28085,0.267891,-0.0891445,-0.0364112,-0.0333125,0.994795
6.06,0.905369,1.28936,0.268931,-0.0914952,-0.0325396,-0.0339283,0.994695
6.07,0.870494,1.29751,0.264717,-0.0950363,-0.0297425,-0.0343301,0.994437
6.08,0.835503,1.30459,0.258025,-0.099016,-0.0274985,-0.0347905,0.994097
6.09,0.801187,1.30977,0.251628,-0.102828,-0.0253694,-0.0351943,0.993753
6.1,0.766228,1.31339,0.247285,-0.1064,-0.0221202,-0.0352752,0.993451
6.11,0.730683,1.31583,0.242867,-0.110816,-0.0173953,-0.0350036,0.993072
6.12,0.695115,1.31652,0.239735,-0.114665,-0.0123664,-0.0346973,0.992721
6.13,0.659785,1.31542,0.23973,-0.117092,-0.00754628,-0.0344711,0.992494
6.14,0.624458,1.31257,0.243736,-0.117779,-0.00284355,-0.0342451,0.992445
6.15,0.590034,1.30752,0.245703,-0.118716,0.00109606,-0.0339454,0.992347
6.16,0.55602,1.301,0.248366,-0.119177,0.00471313,-0.0337034,0.99229
6.17,0.52291,1.29356,0.252269,-0.119344,0.00871612,-0.0331353,0.992262
6.18,0.490083,1.2848,0.253763,-0.119938,0.0120418,-0.0326681,0.992171
6.19,0.457853,1.27509,0.256993,-0.120048,0.0160126,-0.0319863,0.992123
6.2,0.425085,1.26322,0.259696,-0.120383,0.0204235,-0.0311772,0.992028
6.21,0.393131,1.25031,0.263655,-0.120278,0.0249882,-0.0303477,0.991962
6.22,0.360818,1.23583,0.267977,-0.119971,0.0300676,-0.0295523,0.991882
6.23,0.329587,1.21982,0.273476,-0.119109,0.03501,-0.0285389,0.991853
6.24,0.298902,1.2028,0.279682,-0.117578,0.0395231,-0.0278512,0.991886
6.25,0.269418,1.18467,0.285417,-0.116075,0.0435392,-0.0271697,0.991914
6.26,0.241152,1.16477,0.291132,-0.114364,0.0470151,-0.0262642,0.991978
6.27,0.212683,1.14473,0.295899,-0.112878,0.0500996,-0.0259072,0.992007
6.28,0.185112,1.12307,0.300091,-0.111557,0.0533611,-0.0252815,0.992002
6.29,0.159352,1.10069,0.304928,-0.109852,0.0562368,-0.0245886,0.992051
6.3,0.133309,1.07677,0.31134,-0.107256,0.0585039,-0.0242674,0.992212
6.31,0.109793,1.0514,0.318521,-0.104315,0.0606367,-0.0237203,0.992411
6.32,0.0861462,1.02494,0.324545,-0.101646,0.0627866,-0.0233695,0.992562
6.33,0.0627966,0.997746,0.330265,-0.099162,0.0650585,-0.0229165,0.992678
6.34,0.0412483,0.969585,0.335474,-0.0967396,0.0679996,-0.0224471,0.99273
6.35,0.0194214,0.940627,0.340852,-0.0941895,0.0707117,-0.0220544,0.992795
6.36,-0.00119811,0.910849,0.346616,-0.0913595,0.0737396,-0.0214103,0.992853
6.37,-0.0209496,0.880166,0.35212,-0.088576,0.0766806,-0.0212195,0.992887
6.38,-0.0390307,0.848837,0.35787,-0.0852672,0.0794639,-0.0209223,0.992964
6.39,-0.0558999,0.816191,0.363683,-0.0819909,0.0814179,-0.0205249,0.99309
6.4,-0.0722139,0.784344,0.369154,-0.078941,0.0834148,-0.0204676,0.993172
6.41,-0.0880171,0.751115,0.374371,-0.0756326,0.0859,-0.0202958,0.993222
6.42,-0.101472,0.716072,0.379013,-0.072264,0.0887218,-0.0195222,0.99324
6.43,-0.113837,0.681247,0.384206,-0.0685591,0.0909017,-0.0193284,0.993309
6.44,-0.124754,0.647198,0.388413,-0.0656238,0.092657,-0.0190598,0.99335
6.45,-0.13435,0.613287,0.39217,-0.0630578,0.0941438,-0.0184975,0.993387
6.46,-0.14406,0.580697,0.396813,-0.0602592,0.0950863,-0.0186161,0.993469
6.47,-0.151223,0.545713,0.400233,-0.0573044,0.097162,-0.0180169,0.993454
6.48,-0.156812,0.509505,0.403579,-0.0543768,0.0987292,-0.0175594,0.993472
6.49,-0.16205,0.474586,0.407777,-0.0508727,0.100751,-0.0170858,0.993463
6.5,-0.165101,0.437483,0.410525,-0.0482582,0.102363,-0.0164496,0.99344
6.51,-0.167795,0.402765,0.41494,-0.0445482,0.103561,-0.0161939,0.993493
6.52,-0.168027,0.366719,0.417488,-0.0416476,0.10481,-0.0158488,0.993493
6.53,-0.169263,0.332859,0.423248,-0.0369576,0.10596,-0.0152226,0.993567
6.54,-0.167776,0.297928,0.427889,-0.0325544,0.107001,-0.0148232,0.993615
6.55,-0.163651,0.259805,0.432319,-0.0274444,0.107749,-0.0140243,0.9937
6.56,-0.157518,0.222541,0.436884,-0.0207546,0.107837,-0.0133491,0.993862
6.57,-0.150866,0.183261,0.440964,-0.0151284,0.107151,-0.01262,0.994048
6.58,-0.142853,0.145668,0.444296,-0.0103863,0.106628,-0.0120382,0.994172
6.59,-0.133102,0.1116,0.447666,-0.00410193,0.106863,-0.0113605,0.9942
6.6,-0.12183,0.0752831,0.449943,-0.000570077,0.106239,-0.0104691,0.994285
6.61,-0.111315,0.0398335,0.452356,0.00321934,0.106288,-0.00985236,0.994281
6.62,-0.10029,0.00556958,0.453904,0.0068205,0.107173,-0.00882689,0.994178
6.63,-0.0878594,-0.0290488,0.455379,0.0101917,0.107956,-0.00777072,0.994073
6.64,-0.0741188,-0.0625931,0.45699,0.0134932,0.107849,-0.00712489,0.99405
6.65,-0.0580981,-0.0936182,0.458823,0.0171841,0.107498,-0.0060458,0.994038
6.66,-0.0404596,-0.125643,0.460101,0.020991,0.106112,-0.00497336,0.99412
6.67,-0.021874,-0.1582,0.46136,0.0245631,0.104657,-0.00401498,0.994197
6.68,-0.0016015,-0.188556,0.461938,0.0290606,0.103596,-0.00313389,0.99419
6.69,0.019233,-0.213394,0.461848,0.0356724,0.102319,-0.00247003,0.994109
6.7,0.0393073,-0.244207,0.462788,0.0386162,0.101077,-0.00137043,0.994128
6.71,0.0589012,-0.273861,0.462772,0.0426112,0.100068,-0.00048834,0.994068
6.72,0.0808986,-0.303107,0.462984,0.0471726,0.0992101,0.000828013,0.993947
6.73,0.103484,-0.331942,0.462464,0.0512704,0.097457,0.00238389,0.993915
6.74,0.127772,-0.35965,0.462314,0.0548781,0.0954481,0.00348034,0.993914
6.75,0.152292,-0.386257,0.461183,0.0593373,0.0937892,0.00495066,0.99381
6.76,0.176981,-0.410713,0.460848,0.06303,0.092431,0.00686222,0.993698
6.77,0.202395,-0.432789,0.460901,0.0655771,0.0912193,0.00829434,0.993635
6.78,0.227559,-0.455832,0.461028,0.0684841,0.0898643,0.00976507,0.993549
6.79,0.252725,-0.479281,0.458872,0.0735279,0.0890217,0.0117796,0.993242
6.8,0.280137,-0.501327,0.456266,0.0784433,0.0870759,0.0137629,0.993013
6.81,0.307496,-0.523247,0.454418,0.0828002,0.0854338,0.015566,0.992775
6.82,0.335329,-0.542833,0.453177,0.0861892,0.0837309,0.0171918,0.992605
6.83,0.363395,-0.561105,0.452641,0.0890209,0.0823653,0.0191873,0.992433
6.84,0.392977,-0.577132,0.451142,0.0922225,0.0802622,0.0207108,0.992282
6.85,0.423982,-0.591835,0.449943,0.0948154,0.0775,0.0216409,0.992238
6.86,0.457668,-0.605851,0.447673,0.0975405,0.0739525,0.0226618,0.992221
6.87,0.492126,-0.618456,0.443687,0.100241,0.0688911,0.02375,0.992291
6.88,0.527802,-0.629108,0.439817,0.102109,0.0635436,0.0244653,0.99244
6.89,0.564363,-0.635343,0.437435,0.102865,0.0584242,0.0244219,0.992678
6.9,0.600129,-0.639294,0.437885,0.102742,0.0549009,0.0244303,0.992891
6.91,0.634757,-0.641648,0.439672,0.100955,0.0513814,0.0244552,0.993262
6.92,0.670465,-0.641633,0.442827,0.0988842,0.0484258,0.0237113,0.993637
6.93,0.706482,-0.639231,0.446521,0.0965851,0.0456398,0.0227082,0.994018
6.94,0.743443,-0.635961,0.447295,0.0956015,0.04192,0.0216877,0.9943
6.95,0.78216,-0.632534,0.445977,0.0948291,0.0372994,0.0206487,0.99458
6.96,0.821814,-0.627232,0.443005,0.0943193,0.0322611,0.0190465,0.994837
6.97,0.861128,-0.621313,0.43842,0.094805,0.0269725,0.0176827,0.994973
6.98,0.900098,-0.614805,0.43154,0.0963618,0.0215597,0.0162814,0.99498
6.99,0.93862,-0.606065,0.425661,0.0981106,0.016759,0.014285,0.994932
7,0.975971,-0.597182,0.420727,0.0997908,0.0127089,0.0122764,0.994852
7.01,1.01207,-0.586834,0.417496,0.101442,0.00958021,0.0104821,0.99474
7.02,1.04752,-0.574666,0.414246,0.102946,0.00632023,0.00856446,0.99463
7.03,1.08236,-0.560884,0.41158,0.103467,0.00301616,0.00672639,0.994606
7.04,1.11609,-0.546307,0.409574,0.103331,-0.000223818,0.00548931,0.994632
7.05,1.15176,-0.529435,0.404908,0.103868,-0.00420768,0.00394296,0.994574
7.06,1.18618,-0.512638,0.397998,0.10335,-0.00945542,0.00291524,0.994596
7.07,1.21935,-0.494164,0.391444,0.102888,-0.0145446,0.00217577,0.994584
7.08,1.25093,-0.475729,0.386325,0.101337,-0.0190561,0.00132893,0.994669
7.09,1.28187,-0.455064,0.381874,0.10094,-0.0227975,0.000195925,0.994631
7.1,1.31076,-0.43415,0.379715,0.101694,-0.0251983,-0.000834642,0.994496
7.11,1.3382,-0.412254,0.379518,0.101606,-0.0270819,-0.00217353,0.994454
7.12,1.36526,-0.386369,0.378705,0.101424,-0.0292395,-0.00361507,0.994407
7.13,1.39243,-0.361337,0.375005,0.100015,-0.0327383,-0.00477532,0.994436
7.14,1.42001,-0.33249,0.366345,0.0986872,-0.0380135,-0.00616913,0.994373
7.15,1.44728,-0.304363,0.35646,0.0959874,-0.0436206,-0.00717242,0.9944
7.16,1.47361,-0.273792,0.346182,0.0929446,-0.049355,-0.00801533,0.994415
7.17,1.49819,-0.242673,0.336916,0.0885769,-0.0547066,-0.00867544,0.994528
7.18,1.51974,-0.21132,0.33172,0.0832851,-0.0585376,-0.00945294,0.99476
7.19,1.53938,-0.179167,0.330465,0.0787048,-0.0608237,-0.010114,0.994989
7.2,1.5567,-0.14537,0.333843,0.0751689,-0.0613954,-0.0113733,0.995214
7.21,1.57216,-0.11221,0.337262,0.0721366,-0.0618383,-0.0125761,0.995396
7.22,1.58774,-0.0783776,0.339322,0.0694185,-0.0625932,-0.0138282,0.995526
7.23,1.60218,-0.042069,0.338335,0.0652459,-0.0642578,-0.0150043,0.995685
7.24,1.61589,-0.00651793,0.337201,0.0603479,-0.0658702,-0.0157599,0.995877
7.25,1.62822,0.030016,0.336059,0.0557159,-0.0673315,-0.0168356,0.996032
7.26,1.63978,0.0676134,0.332777,0.0509754,-0.0693109,-0.0179591,0.99613
7.27,1.64975,0.103995,0.328743,0.0462232,-0.0713231,-0.0188366,0.996204
7.28,1.65856,0.141178,0.325304,0.0417863,-0.0730114,-0.0198434,0.996258
7.29,1.66632,0.177646,0.322205,0.0377593,-0.0744541,-0.0207518,0.996293
7.3,1.67294,0.214932,0.315864,0.0337576,-0.0767421,-0.0217728,0.996241
7.31,1.67935,0.251492,0.305781,0.0283981,-0.07981,-0.0222943,0.996156
7.32,1.68506,0.287666,0.293777,0.0231265,-0.0832279,-0.0225064,0.996008
7.33,1.68877,0.323733,0.283126,0.0173548,-0.0860375,-0.0227557,0.995881
7.34,1.69072,0.358309,0.27797,0.0126648,-0.0871682,-0.0228793,0.99585
7.35,1.69032,0.392577,0.2761,0.0088173,-0.0874305,-0.0232238,0.995861
7.36,1.68918,0.427087,0.274741,0.00535399,-0.0874114,-0.0237853,0.995874
7.37,1.68645,0.459187,0.277526,0.00323257,-0.0865538,-0.0242444,0.995947
7.38,1.68295,0.491845,0.274323,0.00173286,-0.087551,-0.0249332,0.995846
7.39,1.67949,0.52234,0.269838,0.00144752,-0.0892941,-0.0255459,0.995677
7.4,1.67459,0.553078,0.263447,0.00106805,-0.0916062,-0.0263329,0.995447
7.41,1.66922,0.582635,0.2603,0.00127433,-0.0932313,-0.0268065,0.995283
7.42,1.66216,0.612217,0.257742,8.44845e-05,-0.0942262,-0.0271564,0.99518
7.43,1.65371,0.642414,0.253391,-0.00229771,-0.0953026,-0.0273597,0.99507
7.44,1.6443,0.671429,0.250063,-0.00427009,-0.0962691,-0.0274906,0.994966
7.45,1.63348,0.701929,0.246021,-0.0065829,-0.0972329,-0.0279697,0.994847
7.46,1.62149,0.731117,0.242237,-0.00857988,-0.0982243,-0.028332,0.994724
7.47,1.60804,0.760223,0.240232,-0.01058,-0.0986959,-0.0287774,0.994645
7.48,1.5929,0.789207,0.241697,-0.0133387,-0.0977108,-0.0290109,0.994702
7.49,1.57577,0.817655,0.245011,-0.0173492,-0.0954577,-0.0290649,0.994858
7.5,1.55754,0.845716,0.249239,-0.0217051,-0.0926159,-0.0290204,0.995042
7.51,1.53835,0.87484,0.250643,-0.0263533,-0.0903256,-0.0291965,0.995135
7.52,1.51786,0.903136,0.252465,-0.0302901,-0.0882037,-0.0295642,0.995203
7.53,1.49644,0.930209,0.255979,-0.033336,-0.0858077,-0.0299737,0.995303
7.54,1.47366,0.957243,0.256998,-0.0371442,-0.0836601,-0.0305813,0.995332
7.55,1.45016,0.984306,0.258697,-0.0401586,-0.081642,-0.031184,0.995364
7.56,1.42582,1.01027,0.257146,-0.0430446,-0.0806958,-0.0319622,0.995296
7.57,1.40122,1.03457,0.257997,-0.0453922,-0.0793255,-0.032621,0.99528
7.58,1.37467,1.05875,0.259694,-0.047969,-0.0772693,-0.0332359,0.995301
7.59,1.34787,1.08146,0.261861,-0.0515053,-0.0742317,-0.0334482,0.995348
7.6,1.32035,1.105,0.260208,-0.0554151,-0.072305,-0.0338207,0.995267
7.61,1.29264,1.12625,0.255027,-0.0594202,-0.0712784,-0.0340791,0.995102
7.62,1.2634,1.14667,0.252906,-0.0632271,-0.0692439,-0.0343478,0.995001
7.63,1.2341,1.16672,0.252893,-0.0676051,-0.0657454,-0.0341248,0.994959
7.64,1.20403,1.18472,0.253399,-0.0726109,-0.0613439,-0.0336411,0.994903
7.65,1.17348,1.20278,0.251171,-0.0783253,-0.0570905,-0.0330744,0.994742
7.66,1.14366,1.21777,0.250485,-0.0833893,-0.0525265,-0.032133,0.994613
7.67,1.11248,1.23241,0.249691,-0.0873958,-0.0487265,-0.0315955,0.994479
7.68,1.08181,1.24506,0.251503,-0.0897571,-0.0454045,-0.0310393,0.994444
7.69,1.05127,1.25631,0.253532,-0.0912271,-0.042896,-0.0306739,0.994433
7.7,1.01977,1.26706,0.255009,-0.0929246,-0.0402227,-0.030407,0.994396
7.71,0.988043,1.27739,0.253486,-0.0958648,-0.0373211,-0.0300004,0.994242
7.72,0.956045,1.28712,0.249922,-0.0996619,-0.0341433,-0.0294287,0.994
7.73,0.923681,1.29634,0.244839,-0.103538,-0.0314145,-0.0292148,0.9937
7.74,0.890629,1.30417,0.2393,-0.107469,-0.0286822,-0.0290709,0.993369
7.75,0.857903,1.31064,0.235139,-0.110734,-0.0260605,-0.0288636,0.993089
7.76,0.824719,1.31588,0.231135,-0.113868,-0.0233856,-0.0289283,0.992799
7.77,0.790168,1.3205,0.227521,-0.116412,-0.0211275,-0.0294082,0.992541
7.78,0.756022,1.32357,0.225651,-0.118308,-0.0187898,-0.0297505,0.992353
7.79,0.721212,1.32483,0.225745,-0.119464,-0.0164472,-0.0305481,0.992232
7.8,0.686117,1.32415,0.228555,-0.119895,-0.0134596,-0.0310517,0.99221
7.81,0.651596,1.32259,0.228712,-0.121244,-0.0105369,-0.0314326,0.992069
7.82,0.616188,1.3194,0.230255,-0.122113,-0.00739002,-0.0320906,0.99197
7.83,0.580683,1.31515,0.230068,-0.12374,-0.00390065,-0.0327272,0.991767
7.84,0.545729,1.30867,0.235172,-0.123507,-5.30851e-06,-0.033058,0.991793
7.85,0.510698,1.30099,0.240061,-0.123288,0.00396001,-0.0336129,0.991794
7.86,0.475682,1.29261,0.243919,-0.123381,0.00786029,-0.0340077,0.991745
7.87,0.441624,1.28242,0.248186,-0.123327,0.0121055,-0.034117,0.991706
7.88,0.408605,1.27061,0.251978,-0.123021,0.0157046,-0.0342536,0.991688
7.89,0.376431,1.25699,0.256286,-0.122496,0.0189,-0.0343552,0.991694
7.9,0.344016,1.24175,0.261203,-0.121821,0.0229951,-0.0342106,0.991696
7.91,0.311858,1.22549,0.266477,-0.121201,0.0278458,-0.0339267,0.991657
7.92,0.28031,1.20737,0.272702,-0.120082,0.0328735,-0.0334485,0.991656
7.93,0.250227,1.18859,0.278295,-0.118972,0.0373447,-0.0329998,0.991646
7.94,0.221127,1.1679,0.284809,-0.117296,0.0415243,-0.0323865,0.9917
7.95,0.191821,1.14605,0.291081,-0.11548,0.0455434,-0.0320543,0.991747
7.96,0.16322,1.12303,0.298189,-0.113266,0.0498842,-0.0315332,0.991811
7.97,0.135602,1.0989,0.304197,-0.111324,0.0544532,-0.0309416,0.991809
7.98,0.108792,1.07427,0.310653,-0.109046,0.0591925,-0.0302293,0.991812
7.99,0.0832176,1.0487,0.314323,-0.107867,0.0627295,-0.0298312,0.991736
8,0.0590638,1.0219,0.31798,-0.106388,0.0660238,-0.0293375,0.991696
8.01,0.0348163,0.993546,0.325045,-0.103319,0.069989,-0.0289,0.991762
8.02,0.0114775,0.96347,0.333096,-0.0994649,0.0747887,-0.0283119,0.991822
8.03,-0.0110037,0.932477,0.340542,-0.0956253,0.0789077,-0.0277465,0.991897
8.04,-0.0317506,0.900587,0.347913,-0.0916327,0.0834355,-0.0268468,0.991928
8.05,-0.0518317,0.868368,0.35403,-0.0878622,0.0875715,-0.0263511,0.991926
8.06,-0.0697453,0.834567,0.360098,-0.0841164,0.0907478,-0.02563,0.991984
8.07,-0.0862879,0.801741,0.365678,-0.0804811,0.0932056,-0.0252099,0.992069
8.08,-0.100595,0.767955,0.370361,-0.0774231,0.0951212,-0.0245681,0.992146
8.09,-0.11343,0.734492,0.37463,-0.0744653,0.0961004,-0.0240632,0.992291
8.1,-0.123931,0.700176,0.37973,-0.0712415,0.0963524,-0.0237045,0.992511
8.11,-0.134653,0.665721,0.385176,-0.0676142,0.0975689,-0.023237,0.992657
8.12,-0.143691,0.631291,0.38872,-0.0649817,0.0988909,-0.022534,0.992719
8.13,-0.152964,0.597079,0.39345,-0.0617152,0.100455,-0.0219938,0.992782
8.14,-0.159858,0.562508,0.396749,-0.0591486,0.102047,-0.0213836,0.992789
8.15,-0.164165,0.526748,0.400795,-0.0559895,0.103113,-0.0203987,0.992883
8.16,-0.167487,0.489907,0.404034,-0.053399,0.103657,-0.0197118,0.992983
8.17,-0.169517,0.453259,0.407197,-0.0508634,0.104068,-0.0190289,0.993086
8.18,-0.171012,0.417254,0.411263,-0.0471561,0.104736,-0.0183262,0.993212
8.19,-0.171153,0.382089,0.416835,-0.042591,0.105752,-0.0175648,0.993325
8.2,-0.169141,0.344956,0.420315,-0.0393008,0.10667,-0.0166856,0.993377
8.21,-0.166585,0.30729,0.424658,-0.0350695,0.107275,-0.015455,0.993491
8.22,-0.164358,0.273028,0.432453,-0.0281337,0.107129,-0.0146943,0.993738
8.23,-0.159478,0.235797,0.437397,-0.0223457,0.107432,-0.0138756,0.993864
8.24,-0.15246,0.198333,0.441098,-0.0177042,0.106636,-0.0127934,0.994058
8.25,-0.144013,0.160912,0.444677,-0.0127286,0.105709,-0.0116479,0.994247
8.26,-0.133855,0.124253,0.447989,-0.00890676,0.104665,-0.011008,0.994407
8.27,-0.123716,0.0894652,0.450648,-0.00300891,0.104625,-0.00993219,0.994458
8.28,-0.113922,0.0539478,0.453291,0.00204082,0.105019,-0.00890479,0.994428
8.29,-0.103444,0.0164293,0.455006,0.00603451,0.106352,-0.00796336,0.994278
8.3,-0.0929727,-0.0197402,0.456296,0.0105909,0.108006,-0.00690834,0.99407
8.31,-0.0806048,-0.0550901,0.457107,0.0153545,0.109373,-0.0056879,0.993866
8.32,-0.0673222,-0.0886997,0.457722,0.0205305,0.110561,-0.00481733,0.993646
8.33,-0.0525595,-0.121388,0.45843,0.0250373,0.111195,-0.00399627,0.993475
8.34,-0.0358831,-0.155006,0.45926,0.0288403,0.111479,-0.00280743,0.993344
8.35,-0.0176457,-0.185793,0.460653,0.0315833,0.110912,-0.00179777,0.993327
8.36,0.00365859,-0.21569,0.462884,0.0341118,0.10986,-0.00101534,0.993361
8.37,0.0250029,-0.238715,0.462898,0.0393176,0.107067,-0.000510817,0.993474
8.38,0.0447876,-0.269261,0.463389,0.0426336,0.105376,0.000814098,0.993518
8.39,0.0668045,-0.297204,0.463871,0.0471821,0.104554,0.00151848,0.993398
8.4,0.0881926,-0.326459,0.463797,0.0523128,0.103947,0.00244751,0.993203
8.41,0.110768,-0.354894,0.463689,0.0579564,0.103993,0.00364483,0.992881
8.42,0.134024,-0.384377,0.464031,0.0619581,0.10336,0.00478225,0.992701
8.43,0.15821,-0.408438,0.462227,0.0677863,0.102804,0.00584709,0.992372
8.44,0.183929,-0.433194,0.461662,0.0715626,0.10093,0.00727788,0.99229
8.45,0.211627,-0.456388,0.461862,0.0749127,0.0993865,0.00881224,0.992186
8.46,0.239843,-0.476625,0.461814,0.077522,0.0961046,0.0100154,0.992297
8.47,0.269779,-0.497125,0.460363,0.0803678,0.0926779,0.0116707,0.992379
8.48,0.301526,-0.515965,0.459733,0.0826489,0.0882835,0.0133065,0.992571
8.49,0.334797,-0.534254,0.458227,0.0845352,0.0830407,0.0149596,0.992842
8.5,0.368188,-0.551116,0.456064,0.0857813,0.077087,0.0164469,0.993191
8.51,0.401159,-0.566063,0.454342,0.0874598,0.0721623,0.0178656,0.99339
8.52,0.435167,-0.579447,0.453613,0.0889038,0.0686249,0.0187186,0.993497
8.53,0.468402,-0.59204,0.452947,0.090383,0.0659947,0.0191511,0.993534
8.54,0.500817,-0.603665,0.451492,0.0931228,0.0639229,0.0195462,0.993408
8.55,0.534672,-0.614232,0.450105,0.0954491,0.0613286,0.0197669,0.993347
8.56,0.570009,-0.621402,0.447874,0.0979847,0.058366,0.0197734,0.993278
8.57,0.606017,-0.627624,0.445985,0.0993338,0.0544173,0.0196332,0.993371
8.58,0.641897,-0.632352,0.443537,0.10053,0.0504545,0.0196595,0.993459
8.59,0.679318,-0.636059,0.440959,0.101288,0.045961,0.0194085,0.993605
8.6,0.717923,-0.636857,0.437125,0.102034,0.0411341,0.0188045,0.993752
8.61,0.756775,-0.635725,0.432631,0.103016,0.0361233,0.0182707,0.993856
8.62,0.795403,-0.633266,0.428276,0.102892,0.0306754,0.0178184,0.99406
8.63,0.834402,-0.628101,0.425744,0.10124,0.0255493,0.0172827,0.994384
8.64,0.873137,-0.618452,0.424329,0.0981768,0.0203275,0.0163462,0.994827
8.65,0.910116,-0.608614,0.424719,0.0945606,0.0159866,0.0158307,0.995265
8.66,0.946794,-0.596449,0.425671,0.0909918,0.0122284,0.015085,0.995662
8.67,0.983508,-0.582389,0.426621,0.0869444,0.00833189,0.0141004,0.996079
8.68,1.01951,-0.569107,0.425887,0.0839072,0.00437987,0.0133396,0.996375
8.69,1.05603,-0.556086,0.421896,0.0819438,-0.000382219,0.0124788,0.996559
8.7,1.09157,-0.543463,0.415714,0.0819006,-0.00506249,0.0114673,0.996562
8.71,1.12592,-0.53128,0.410106,0.0840848,-0.00834944,0.00993228,0.996374
8.72,1.15895,-0.518383,0.404542,0.086545,-0.0115187,0.00839188,0.996146
8.73,1.19128,-0.504166,0.398883,0.0891603,-0.014602,0.00672355,0.995888
8.74,1.22295,-0.489676,0.391844,0.0921646,-0.0181345,0.00518308,0.995565
8.75,1.25427,-0.473858,0.385207,0.0946372,-0.0217206,0.00351748,0.995269
8.76,1.28491,-0.454715,0.378629,0.0978166,-0.0249622,0.00147728,0.99489
8.77,1.31474,-0.435311,0.373365,0.100221,-0.0277559,-0.00060404,0.994578
8.78,1.34291,-0.415826,0.368946,0.10169,-0.0304962,-0.00237145,0.994346
8.79,1.37043,-0.391623,0.36659,0.102737,-0.0328862,-0.00457168,0.994154
8.8,1.39515,-0.367177,0.36598,0.103118,-0.0347166,-0.00627698,0.994043
8.81,1.42031,-0.340688,0.365304,0.103162,-0.0368268,-0.00812099,0.993949
8.82,1.44403,-0.312741,0.363238,0.102222,-0.0395302,-0.00988083,0.993927
8.83,1.46798,-0.285644,0.358804,0.100609,-0.0430174,-0.011174,0.993933
8.84,1.49076,-0.256687,0.35293,0.0988957,-0.0470481,-0.0124624,0.993907
8.85,1.51269,-0.226275,0.348316,0.0971197,-0.0505822,-0.0137937,0.993891
8.86,1.53243,-0.197699,0.344244,0.095363,-0.0536194,-0.0150292,0.993884
8.87,1.55091,-0.166036,0.342114,0.0937448,-0.0560777,-0.0163532,0.993881
8.88,1.56857,-0.133238,0.343844,0.0926244,-0.0571963,-0.0176705,0.9939
8.89,1.58357,-0.100798,0.343978,0.0907899,-0.0587918,-0.0188782,0.993954
8.9,1.59901,-0.066859,0.34315,0.0881473,-0.0608581,-0.0201093,0.994043
8.91,1.61318,-0.0299183,0.339584,0.0853259,-0.0637093,-0.0210095,0.994092
8.92,1.62633,0.00344161,0.33503,0.0800983,-0.0666608,-0.0215833,0.994321
8.93,1.63836,0.0395136,0.331574,0.0745938,-0.0690944,-0.0223146,0.994567
8.94,1.64789,0.07613,0.330234,0.0694319,-0.0707705,-0.0227883,0.994812
8.95,1.65714,0.113522,0.327662,0.0637965,-0.0726666,-0.0233859,0.995039
8.96,1.66514,0.151166,0.323972,0.0570294,-0.0745949,-0.0237643,0.995298
8.97,1.67231,0.189314,0.318887,0.0495811,-0.076673,-0.0236957,0.995541
8.98,1.67927,0.229535,0.306605,0.0403652,-0.0803355,-0.0235936,0.995671
8.99,1.68534,0.268431,0.292934,0.0310102,-0.0840207,-0.0230169,0.995715
9,1.6903,0.306548,0.278581,0.0217812,-0.0876349,-0.0224512,0.995661
9.01,1.69341,0.342371,0.266971,0.013896,-0.0902451,-0.0217365,0.995585
9.02,1.69428,0.376025,0.264158,0.00767388,-0.0904372,-0.0209103,0.995653
9.03,1.69346,0.409228,0.266853,0.00194708,-0.0888423,-0.020005,0.995843
9.04,1.68996,0.44044,0.275095,-0.00265911,-0.0857412,-0.0190205,0.996132
9.05,1.68642,0.469521,0.283464,-0.0044566,-0.0831997,-0.0183152,0.996355
9.06,1.68274,0.497402,0.288045,-0.00537918,-0.0820489,-0.017524,0.99646
9.07,1.67884,0.5237,0.289348,-0.00596827,-0.082013,-0.0167318,0.996473
9.08,1.67476,0.551137,0.286382,-0.00714127,-0.0830151,-0.0159783,0.996395
9.09,1.67022,0.578631,0.281315,-0.00827478,-0.0846105,-0.0151816,0.996264
9.1,1.66456,0.605585,0.276012,-0.00953852,-0.0862727,-0.0143931,0.996122
9.11,1.65815,0.631761,0.270199,-0.0112261,-0.0878875,-0.0134542,0.995976
9.12,1.65027,0.658031,0.265925,-0.0120036,-0.0894039,-0.012884,0.99584
9.13,1.64147,0.684194,0.260365,-0.0126114,-0.0913704,-0.0123271,0.995661
9.14,1.63264,0.709236,0.254982,-0.0128979,-0.0935023,-0.0117004,0.995467
9.15,1.62168,0.735496,0.250238,-0.014459,-0.0949568,-0.0113226,0.995312
9.16,1.60969,0.761104,0.247132,-0.0162888,-0.095723,-0.0105453,0.995219
9.17,1.59564,0.786878,0.244241,-0.0187682,-0.0961007,-0.00996441,0.995145
9.18,1.58031,0.81224,0.242938,-0.021918,-0.0956364,-0.00925385,0.995132
9.19,1.56323,0.838007,0.245599,-0.0243226,-0.0942276,-0.00880513,0.995215
9.2,1.54416,0.864435,0.248547,-0.0274051,-0.0922806,-0.00846525,0.99532
9.21,1.52396,0.889068,0.255688,-0.031286,-0.088382,-0.00791005,0.995564
9.22,1.50159,0.915501,0.26172,-0.0356995,-0.0843651,-0.00747952,0.995767
9.23,1.47782,0.942546,0.26425,-0.0414094,-0.0804424,-0.00691019,0.995875
9.24,1.45465,0.968322,0.262416,-0.0481649,-0.0771342,-0.00631073,0.995837
9.25,1.42961,0.99494,0.260194,-0.0541941,-0.0741346,-0.0061193,0.995756
9.26,1.40377,1.01882,0.261578,-0.0588618,-0.0705497,-0.00597119,0.995752
9.27,1.37643,1.04193,0.26576,-0.062335,-0.066605,-0.00595894,0.995813
9.28,1.34706,1.06493,0.271344,-0.0654805,-0.0621907,-0.00629399,0.995894
9.29,1.31731,1.08693,0.277012,-0.0682554,-0.0578072,-0.00668142,0.995969
9.3,1.28697,1.10767,0.281746,-0.0708613,-0.0537011,-0.00720898,0.996014
9.31,1.25644,1.12801,0.283855,-0.0732521,-0.0506192,-0.00786383,0.995997
9.32,1.2253,1.14828,0.282242,-0.0765563,-0.0480552,-0.00880502,0.995868
9.33,1.19405,1.16802,0.27632,-0.0804987,-0.0464409,-0.00991551,0.995623
9.34,1.16281,1.18524,0.269895,-0.083979,-0.0453939,-0.0109059,0.995373
9.35,1.13089,1.20162,0.264382,-0.086992,-0.0443391,-0.0120218,0.995149
9.36,1.09851,1.21693,0.262161,-0.0889792,-0.0429053,-0.0133207,0.99502
9.37,1.06559,1.23119,0.259646,-0.0910211,-0.0414392,-0.0145413,0.99488
9.38,1.03223,1.24296,0.258307,-0.0923001,-0.0402675,-0.0157703,0.994792
9.39,0.998421,1.25384,0.256488,-0.0937075,-0.03921,-0.0171476,0.99468
9.4,0.963282,1.26328,0.258065,-0.0946598,-0.0369806,-0.0185341,0.99465
9.41,0.928089,1.27239,0.256897,-0.0966809,-0.0346658,-0.0198088,0.994514
9.42,0.89217,1.2804,0.255746,-0.0985994,-0.0323931,-0.0212314,0.994373
9.43,0.855277,1.28758,0.255851,-0.100572,-0.0292472,-0.0227762,0.994239
9.44,0.817802,1.29235,0.258841,-0.101627,-0.0256179,-0.0242912,0.994196
9.45,0.779551,1.29609,0.264628,-0.10149,-0.0220683,-0.0260259,0.994251
9.46,0.741049,1.29801,0.268443,-0.101962,-0.0184774,-0.0278376,0.994227
9.47,0.702836,1.29888,0.271609,-0.102419,-0.0151905,-0.029521,0.994187
9.48,0.664551,1.29909,0.273442,-0.103347,-0.0119678,-0.0312645,0.994082
9.49,0.626672,1.29767,0.2755,-0.104394,-0.00834675,-0.0327322,0.993962
9.5,0.588889,1.29508,0.273546,-0.106551,-0.00515984,-0.0342708,0.993703
9.51,0.55232,1.29091,0.272313,-0.108766,-0.00132125,-0.0352838,0.99344
9.52,0.51566,1.2858,0.270754,-0.110877,0.0021213,-0.0366733,0.993155
9.53,0.478945,1.27923,0.270898,-0.11223,0.00555743,-0.0380417,0.992938
9.54,0.442143,1.27077,0.272614,-0.113134,0.00974592,-0.0392865,0.992755
9.55,0.405552,1.26133,0.272511,-0.114886,0.0146007,-0.0402996,0.992453
9.56,0.369054,1.25054,0.272563,-0.116753,0.0205098,-0.0411228,0.992097
9.57,0.333136,1.23855,0.270722,-0.119199,0.0263415,-0.0420059,0.991632
9.58,0.298893,1.22553,0.271673,-0.12024,0.0313105,-0.0427833,0.991328
9.59,0.265579,1.20863,0.2745,-0.120248,0.035884,-0.0434116,0.991145
9.6,0.232681,1.19159,0.278539,-0.119467,0.0402772,-0.0442568,0.991033
9.61,0.202078,1.17163,0.284098,-0.117848,0.0441924,-0.0445539,0.991047
9.62,0.172681,1.15113,0.289257,-0.116149,0.0475157,-0.0450521,0.991071
9.63,0.144199,1.12898,0.294945,-0.114174,0.0508698,-0.0452986,0.991123
9.64,0.116216,1.10637,0.298836,-0.11275,0.0541771,-0.0456591,0.991094
9.65,0.0901247,1.08238,0.302604,-0.111384,0.0581134,-0.0454269,0.991036
9.66,0.0640964,1.05815,0.306263,-0.10991,0.0622916,-0.0454664,0.990945
9.67,0.0393637,1.03278,0.310482,-0.108267,0.0664246,-0.045161,0.990872
9.68,0.0164778,1.00571,0.314151,-0.106593,0.0697966,-0.0447904,0.990838
9.69,-0.00545028,0.978071,0.31804,-0.104738,0.0733633,-0.0443248,0.990799
9.7,-0.0252274,0.949117,0.323265,-0.102208,0.0763064,-0.0435576,0.990875
9.71,-0.0438367,0.919587,0.328319,-0.0996523,0.0798404,-0.042681,0.990895
9.72,-0.0615279,0.889447,0.331941,-0.097748,0.0830688,-0.0416144,0.990865
9.73,-0.0773618,0.858216,0.336648,-0.0953946,0.0860891,-0.0400296,0.990902
9.74,-0.0917176,0.827643,0.341263,-0.0931565,0.0880382,-0.0390079,0.990984
9.75,-0.105231,0.796498,0.34654,-0.090677,0.0898409,-0.0376644,0.991104
9.76,-0.116045,0.763478,0.350572,-0.0888196,0.0909986,-0.0362575,0.991219
9.77,-0.127308,0.731276,0.355267,-0.0865028,0.0928509,-0.0348981,0.991301
9.78,-0.137249,0.697182,0.360351,-0.0838172,0.0955508,-0.0329223,0.991343
9.79,-0.14676,0.662202,0.367083,-0.0799356,0.0982817,-0.0312634,0.99145
9.8,-0.155878,0.627158,0.374935,-0.0754481,0.100373,-0.0294862,0.991647
9.81,-0.161394,0.588568,0.380902,-0.0711449,0.102437,-0.0269326,0.991826
9.82,-0.167254,0.553313,0.388607,-0.0661112,0.103848,-0.0252756,0.992072
9.83,-0.17156,0.515876,0.396142,-0.0609312,0.105322,-0.023297,0.992296
9.84,-0.174173,0.477081,0.401127,-0.056652,0.106703,-0.0210201,0.992453
9.85,-0.176309,0.440487,0.407593,-0.0515465,0.108496,-0.0190162,0.992577
9.86,-0.178434,0.404632,0.413271,-0.047062,0.109615,-0.017695,0.992702
9.87,-0.179062,0.367742,0.418646,-0.0424005,0.110926,-0.0156647,0.9928
9.88,-0.179231,0.332161,0.424421,-0.0368903,0.112018,-0.014297,0.992918
9.89,-0.177588,0.294416,0.42843,-0.0323249,0.114273,-0.012898,0.99284
9.9,-0.175236,0.255563,0.431966,-0.0277078,0.116523,-0.0110502,0.99274
9.91,-0.17127,0.2165,0.435283,-0.0230263,0.118651,-0.00935054,0.992625
9.92,-0.165937,0.178812,0.438634,-0.0176791,0.119934,-0.00811707,0.992591
9.93,-0.159341,0.143529,0.442586,-0.0111381,0.120691,-0.00684941,0.992604
9.94,-0.149282,0.10356,0.445363,-0.00784452,0.119945,-0.00496913,0.992737
9.95,-0.137769,0.0696009,0.448969,-0.0025259,0.118956,-0.00358621,0.99289
9.96,-0.125636,0.0355828,0.451832,0.00271954,0.117674,-0.00198944,0.993047
9.97,-0.113385,-0.00170981,0.454107,0.00743996,0.117635,-5.92411e-05,0.993029
9.98,-0.101551,-0.0346154,0.456261,0.0128091,0.117096,0.000936105,0.993038
9.99,-0.0874819,-0.0694642,0.457752,0.0169853,0.117931,0.00247851,0.992873
10,-0.0721644,-0.10465,0.458453,0.0215401,0.118155,0.00424904,0.992752
10.01,-0.0553121,-0.14055,0.459621,0.0255554,0.117696,0.00631577,0.992701
10.02,-0.0374616,-0.172987,0.459986,0.0312312,0.116235,0.00797192,0.992699
10.03,-0.0177112,-0.207877,0.460286,0.0359571,0.114523,0.00994563,0.99272
10.04,0.00401589,-0.240827,0.459815,0.041374,0.112441,0.0123475,0.99272
10.05,0.0253794,-0.266121,0.459581,0.0494772,0.109112,0.0133917,0.992707
10.06,0.0482288,-0.297372,0.458836,0.0542443,0.106908,0.015222,0.992671
10.07,0.0695552,-0.32754,0.457566,0.0590741,0.104743,0.0172403,0.992594
10.08,0.0933532,-0.355927,0.455882,0.064344,0.103187,0.0192497,0.992392
10.09,0.117403,-0.383546,0.454793,0.06785,0.101201,0.0206906,0.992334
10.1,0.142427,-0.409137,0.454427,0.0708158,0.0992579,0.0223031,0.992288
10.11,0.169118,-0.432984,0.454629,0.0728413,0.0971131,0.0238538,0.992318
10.12,0.195402,-0.453794,0.454447,0.0750902,0.0944042,0.0257136,0.992365
10.13,0.223521,-0.473647,0.456075,0.0755509,0.091329,0.0265374,0.992596
10.14,0.253336,-0.49139,0.456983,0.0768891,0.0887678,0.0268807,0.992716
10.15,0.283016,-0.508391,0.458537,0.0782875,0.0872149,0.0274065,0.99273
10.16,0.313867,-0.52482,0.459868,0.0788003,0.0845567,0.0280906,0.992901
10.17,0.346498,-0.53906,0.462467,0.0784051,0.081224,0.0281876,0.993207
10.18,0.378698,-0.551304,0.46497,0.0772936,0.0774201,0.0277625,0.99361
10.19,0.412534,-0.561195,0.466976,0.0769187,0.0745351,0.0274008,0.99387
10.2,0.446794,-0.571236,0.468885,0.0769843,0.0715666,0.0269546,0.994095
10.21,0.482477,-0.579907,0.469345,0.0777253,0.0681811,0.0260778,0.994299
10.22,0.51829,-0.587683,0.469623,0.0788829,0.0648017,0.024856,0.994465
10.23,0.554863,-0.594153,0.468742,0.0809413,0.0614619,0.0235262,0.994544
10.24,0.593624,-0.599952,0.466917,0.0824318,0.057128,0.0222384,0.994709
10.25,0.634451,-0.604125,0.463569,0.0840194,0.0517781,0.020612,0.994904
10.26,0.675167,-0.608245,0.457802,0.0860566,0.0453335,0.0194975,0.995067
10.27,0.716914,-0.611252,0.450106,0.0891264,0.0386942,0.018047,0.995105
10.28,0.758255,-0.612298,0.442323,0.0919866,0.0324246,0.0164984,0.995095
10.29,0.797483,-0.613181,0.436364,0.0943659,0.0273616,0.0153351,0.995043
10.3,0.835182,-0.613557,0.430749,0.0964912,0.0227827,0.0144124,0.994969
10.31,0.872786,-0.610961,0.425531,0.0986917,0.0185539,0.0133612,0.994855
10.32,0.909212,-0.60878,0.420525,0.100907,0.0148039,0.0124066,0.994708
10.33,0.944096,-0.606515,0.416357,0.103509,0.0116707,0.0120012,0.994488
10.34,0.979469,-0.601774,0.411997,0.106129,0.00854242,0.011431,0.99425
10.35,1.01404,-0.595918,0.407663,0.107801,0.00503835,0.0110061,0.994099
10.36,1.04824,-0.588809,0.403004,0.10927,0.00137336,0.0109432,0.993951
10.37,1.08105,-0.580078,0.400062,0.109849,-0.0020221,0.0110661,0.993885
10.38,1.11417,-0.568615,0.398409,0.109646,-0.00486908,0.0107601,0.993901
10.39,1.14608,-0.556752,0.397584,0.109832,-0.00753985,0.0108028,0.993863
10.4,1.17741,-0.544161,0.395736,0.109742,-0.0100969,0.0109881,0.993848
10.41,1.20911,-0.529842,0.391804,0.109027,-0.0139053,0.0109945,0.993881
10.42,1.24115,-0.513447,0.386313,0.108717,-0.0183146,0.0108942,0.993844
10.43,1.27238,-0.496079,0.381737,0.108076,-0.0221445,0.0108946,0.993836
10.44,1.30207,-0.477431,0.376813,0.106528,-0.0262887,0.0106521,0.993905
10.45,1.33094,-0.457447,0.373408,0.10539,-0.0297949,0.0103951,0.99393
10.46,1.35832,-0.435402,0.370633,0.104254,-0.0329921,0.00994507,0.993954
10.47,1.38598,-0.409124,0.369596,0.102857,-0.0357346,0.00923983,0.994011
10.48,1.41114,-0.382709,0.36789,0.0999532,-0.0387618,0.00847152,0.994201
10.49,1.43625,-0.355792,0.368267,0.0966553,-0.0411346,0.00801231,0.994435
10.5,1.4614,-0.325208,0.36552,0.092476,-0.0446752,0.00689739,0.994688
10.51,1.48591,-0.294325,0.360598,0.0877044,-0.0486986,0.00593158,0.994938
10.52,1.50891,-0.262327,0.35505,0.0826472,-0.0528731,0.00492268,0.995163
10.53,1.53113,-0.226877,0.350079,0.0777421,-0.056637,0.00358157,0.995357
10.54,1.55085,-0.192455,0.349243,0.0723889,-0.0588007,0.00219686,0.995639
10.55,1.56871,-0.156818,0.350784,0.0674282,-0.0600553,0.000747277,0.995915
10.56,1.58465,-0.119759,0.353712,0.0618667,-0.0607457,-0.00101027,0.996234
10.57,1.59968,-0.0822401,0.35543,0.0565391,-0.0616538,-0.00253441,0.996492
10.58,1.61369,-0.0443905,0.356356,0.0521243,-0.0626129,-0.00443446,0.996666
10.59,1.62655,-0.00643994,0.354949,0.0481371,-0.0641245,-0.00641826,0.99676
10.6,1.63892,0.0314777,0.352358,0.045156,-0.0659763,-0.00839723,0.996764
10.61,1.65007,0.0694399,0.347689,0.0425655,-0.0683369,-0.0104765,0.996699
10.62,1.66012,0.106999,0.342487,0.0409386,-0.0708209,-0.012609,0.996569
10.63,1.66909,0.144147,0.336656,0.0396813,-0.0734798,-0.0147136,0.996398
10.64,1.67593,0.181471,0.332294,0.0389793,-0.0757068,-0.0169994,0.996223
10.65,1.68143,0.218404,0.329748,0.038032,-0.0773305,-0.0190462,0.996098
10.66,1.68538,0.256375,0.326738,0.0354369,-0.0788432,-0.0209721,0.996036
10.67,1.68807,0.294223,0.32316,0.0325498,-0.0803742,-0.022673,0.995975
10.68,1.68997,0.33233,0.316544,0.028973,-0.0825518,-0.0241527,0.995873
10.69,1.69031,0.370127,0.311861,0.0250428,-0.0839154,-0.0253998,0.995834
10.7,1.68921,0.407407,0.307409,0.0209671,-0.0850132,-0.0264086,0.995809
10.71,1.68702,0.443802,0.302491,0.0159394,-0.0858793,-0.0271073,0.995809
10.72,1.68415,0.479679,0.297195,0.0117309,-0.0868598,-0.0277349,0.995765
10.73,1.68027,0.513755,0.289949,0.00798397,-0.0884547,-0.0282927,0.995646
10.74,1.67577,0.546358,0.284402,0.00585164,-0.0899206,-0.0287044,0.995518
10.75,1.67005,0.578946,0.276829,0.00257814,-0.091569,-0.0289552,0.995374
10.76,1.66317,0.611048,0.27039,-0.000893094,-0.0926881,-0.0290969,0.99527
10.77,1.65535,0.64196,0.264284,-0.00423028,-0.0937246,-0.028998,0.995167
10.78,1.64572,0.673134,0.258327,-0.00812148,-0.0944222,-0.029007,0.995076
10.79,1.6351,0.70402,0.254825,-0.0116252,-0.0944054,-0.0289789,0.995044
10.8,1.62338,0.734587,0.2494,-0.0154628,-0.0948062,-0.028866,0.994957
10.81,1.61088,0.765145,0.242915,-0.0198732,-0.0952173,-0.0287186,0.994844
10.82,1.59758,0.792986,0.238016,-0.024309,-0.095034,-0.0282064,0.994777
10.83,1.58239,0.821112,0.236845,-0.0280822,-0.0939505,-0.027908,0.994789
10.84,1.56509,0.849232,0.239151,-0.0312808,-0.0919479,-0.0277927,0.994884
10.85,1.54638,0.876453,0.245231,-0.0338582,-0.0890213,-0.0278111,0.995066
10.86,1.52694,0.90241,0.251098,-0.0358989,-0.0863609,-0.0278125,0.995228
10.87,1.5064,0.927796,0.258107,-0.0374911,-0.0835268,-0.0279329,0.995408
10.88,1.48476,0.953197,0.261204,-0.0395829,-0.0816565,-0.0283406,0.995471
10.89,1.4629,0.978702,0.260332,-0.0421617,-0.0806895,-0.0285086,0.995439
10.9,1.44148,1.00345,0.25578,-0.0455515,-0.0804601,-0.0287061,0.995303
10.91,1.41877,1.02804,0.248396,-0.0494364,-0.0807685,-0.0288796,0.995087
10.92,1.39558,1.05107,0.242308,-0.0535986,-0.0803557,-0.0287057,0.99491
10.93,1.37184,1.07286,0.237312,-0.057611,-0.0796162,-0.0283942,0.994754
10.94,1.34749,1.09288,0.234427,-0.0609686,-0.0785011,-0.0278755,0.994657
10.95,1.3223,1.11207,0.229988,-0.0649439,-0.0772564,-0.0272714,0.99452
10.96,1.2958,1.13011,0.229733,-0.0683403,-0.0748754,-0.0265222,0.994495
10.97,1.26816,1.14775,0.230653,-0.0720211,-0.0716871,-0.0258811,0.994487
10.98,1.23931,1.16392,0.230862,-0.0767696,-0.067481,-0.0250882,0.994446
10.99,1.20994,1.17957,0.232667,-0.0808001,-0.0631564,-0.0242098,0.994433
11,1.17823,1.19559,0.235767,-0.084296,-0.0585398,-0.0238968,0.994433
11.01,1.14617,1.20898,0.241492,-0.0868226,-0.0534265,-0.0235478,0.994511
11.02,1.113,1.2217,0.248706,-0.0882262,-0.0486118,-0.0234601,0.994637
11.03,1.07986,1.23328,0.255596,-0.089315,-0.0441067,-0.0235398,0.994748
11.04,1.04555,1.24393,0.262585,-0.0899653,-0.0398182,-0.0238969,0.994862
11.05,1.01092,1.25308,0.269933,-0.0901001,-0.0357742,-0.0242295,0.994995
11.06,0.977217,1.26196,0.270369,-0.0911928,-0.0338565,-0.0247877,0.994949
11.07,0.944351,1.26964,0.267703,-0.0928787,-0.0327944,-0.0253303,0.994815
11.08,0.911137,1.27708,0.264166,-0.0948999,-0.0317604,-0.0260494,0.994639
11.09,0.876367,1.28366,0.26246,-0.096998,-0.0295817,-0.0264973,0.994492
11.1,0.841313,1.28832,0.26342,-0.0989608,-0.026102,-0.0268875,0.994385
11.11,0.804865,1.29275,0.26331,-0.101398,-0.0223434,-0.0274208,0.994217
11.12,0.76839,1.29568,0.264346,-0.10361,-0.0180795,-0.0280551,0.994058
11.13,0.730877,1.29745,0.266313,-0.10521,-0.0140299,-0.0289612,0.993929
11.14,0.69352,1.29774,0.266734,-0.106911,-0.0105595,-0.0300376,0.993759
11.15,0.656493,1.29638,0.271375,-0.106605,-0.00792214,-0.0313695,0.993775
11.16,0.620003,1.29353,0.278482,-0.105073,-0.00589803,-0.0328764,0.993903
11.17,0.583272,1.28836,0.283134,-0.104413,-0.00374187,-0.0342402,0.993937
11.18,0.546996,1.283,0.288322,-0.10412,-0.00056279,-0.0353946,0.993935
11.19,0.510467,1.27632,0.29286,-0.104448,0.00366807,-0.0362644,0.993862
11.2,0.473813,1.26856,0.296881,-0.104959,0.00830946,-0.0368978,0.993757
11.21,0.437211,1.25991,0.300873,-0.105648,0.0133945,-0.0376481,0.9936
11.22,0.402199,1.24934,0.303119,-0.106712,0.0181116,-0.0378947,0.993402
11.23,0.36754,1.23817,0.303777,-0.10822,0.0225529,-0.0383413,0.993131
11.24,0.334402,1.22626,0.302419,-0.110441,0.0266301,-0.0385348,0.992778
11.25,0.302594,1.21352,0.30186,-0.112303,0.0308057,-0.0384503,0.992452
11.26,0.271565,1.19903,0.300482,-0.114316,0.0348635,-0.0382877,0.992094
11.27,0.241105,1.18394,0.299203,-0.116288,0.0393615,-0.0379436,0.99171
11.28,0.210545,1.16762,0.298599,-0.117968,0.0440695,-0.0376762,0.991323
11.29,0.18165,1.14936,0.298545,-0.11928,0.0491882,-0.0369639,0.990952
11.3,0.152987,1.13029,0.299385,-0.120081,0.0539147,-0.0364136,0.99063
11.31,0.127829,1.10981,0.298996,-0.121127,0.0576354,-0.0355671,0.990324
11.32,0.103296,1.08918,0.298014,-0.122179,0.0603911,-0.0349422,0.990053
11.33,0.0788249,1.06754,0.298407,-0.122731,0.0627163,-0.0345665,0.989853
11.34,0.055171,1.04317,0.300287,-0.12218,0.0648176,-0.0343226,0.989794
11.35,0.032148,1.0173,0.30443,-0.120682,0.0677438,-0.034113,0.989789
11.36,0.00869675,0.988736,0.311095,-0.118121,0.0712744,-0.0339817,0.989855
11.37,-0.0135703,0.959681,0.318514,-0.114973,0.0750721,-0.0339868,0.989945
11.38,-0.0357457,0.929852,0.327815,-0.110513,0.0792493,-0.0338758,0.990131
11.39,-0.0562158,0.897997,0.335287,-0.10659,0.0826762,-0.0338522,0.990281
11.4,-0.0758679,0.865734,0.34525,-0.101572,0.0859066,-0.0337672,0.990537
11.41,-0.0937421,0.831825,0.353411,-0.0971178,0.0887264,-0.0338341,0.990733
11.42,-0.110853,0.797117,0.360374,-0.092996,0.092029,-0.0335072,0.990838
11.43,-0.125586,0.761835,0.365902,-0.0899209,0.0937579,-0.0332637,0.990968
11.44,-0.138604,0.727253,0.370338,-0.0871436,0.0954609,-0.0329335,0.991064
11.45,-0.150452,0.693348,0.377441,-0.0830642,0.0977546,-0.0324106,0.991208
11.46,-0.161382,0.656698,0.38348,-0.0789181,0.100516,-0.0316399,0.991296
11.47,-0.171549,0.616751,0.388759,-0.0746434,0.102751,-0.0309241,0.99142
11.48,-0.180198,0.578391,0.395058,-0.0691237,0.105203,-0.0303387,0.991581
11.49,-0.18823,0.539394,0.403531,-0.062374,0.107928,-0.0293687,0.991765
11.5,-0.194435,0.500787,0.410657,-0.0559762,0.110223,-0.028982,0.991906
11.51,-0.198938,0.460784,0.417343,-0.0494286,0.111746,-0.0281776,0.992107
11.52,-0.201911,0.419747,0.421982,-0.0438954,0.113121,-0.0273581,0.992234
11.53,-0.202581,0.381698,0.427278,-0.0381612,0.113838,-0.0267455,0.992406
11.54,-0.201884,0.342102,0.431343,-0.0331405,0.114611,-0.0255008,0.99253
11.55,-0.200391,0.305141,0.436195,-0.0275311,0.115065,-0.0243765,0.992677
11.56,-0.19771,0.265222,0.439527,-0.0222708,0.116651,-0.0226795,0.992664
11.57,-0.194147,0.22779,0.44321,-0.0157633,0.118365,-0.0207102,0.992629
11.58,-0.189858,0.187584,0.446097,-0.00967073,0.11923,-0.018057,0.992655
11.59,-0.182458,0.151734,0.449187,-0.00279443,0.119684,-0.0159719,0.99268
11.6,-0.175148,0.114447,0.450869,0.00172413,0.120529,-0.0131074,0.992622
11.61,-0.165017,0.0801622,0.452638,0.00593184,0.120696,-0.0102998,0.992618
11.62,-0.155029,0.0458952,0.453628,0.00917713,0.119846,-0.00746705,0.992722
11.63,-0.143618,0.0127604,0.454865,0.0111115,0.1198,-0.00511767,0.992723
11.64,-0.131774,-0.0198048,0.455805,0.0138377,0.119913,-0.00229112,0.992685
11.65,-0.117653,-0.0515333,0.456995,0.0161809,0.119292,8.95088e-05,0.992727
11.66,-0.103006,-0.0846256,0.458205,0.0197779,0.118454,0.0022889,0.99276
11.67,-0.0879424,-0.11471,0.459929,0.0241084,0.117726,0.00445633,0.992743
11.68,-0.0718832,-0.147971,0.460335,0.0271196,0.116989,0.00682527,0.992739
11.69,-0.0547403,-0.179123,0.461397,0.0305769,0.116281,0.00864065,0.992708
11.7,-0.0373198,-0.210001,0.462266,0.0339526,0.116045,0.0103173,0.99261
11.71,-0.0184851,-0.239446,0.463622,0.0364663,0.115148,0.012103,0.992605
11.72,0.0043132,-0.263923,0.46497,0.0396206,0.114138,0.0136922,0.99258
11.73,0.0260425,-0.285892,0.46688,0.0428553,0.11178,0.0146936,0.9927
11.74,0.049185,-0.312961,0.468392,0.0450754,0.10991,0.0161137,0.992788
11.75,0.0715587,-0.3401,0.469586,0.0475999,0.107619,0.0178717,0.992891
11.76,0.0967434,-0.364209,0.470461,0.0514669,0.106254,0.0190821,0.992823
11.77,0.12348,-0.389053,0.471041,0.0544521,0.103704,0.0198347,0.992918
11.78,0.15038,-0.413373,0.470374,0.0580638,0.100858,0.0208956,0.992985
11.79,0.179224,-0.436556,0.47037,0.0615727,0.0978818,0.0218876,0.99305
11.8,0.208179,-0.458041,0.469556,0.0650216,0.0944454,0.0228175,0.993142
11.81,0.238861,-0.478278,0.469943,0.0673149,0.0911046,0.0230013,0.993297
11.82,0.271222,-0.495477,0.468871,0.0706812,0.0880457,0.023058,0.993338
11.83,0.303623,-0.514047,0.468022,0.0736167,0.0850115,0.0237394,0.993373
11.84,0.33785,-0.530089,0.467351,0.0757824,0.08116,0.023505,0.993538
11.85,0.370741,-0.546471,0.466495,0.0774545,0.0768873,0.0236121,0.993746
11.86,0.40588,-0.559181,0.465682,0.079152,0.073103,0.023527,0.9939
11.87,0.442117,-0.570181,0.46542,0.0804356,0.0693816,0.0233679,0.994068
11.88,0.478248,-0.579101,0.46554,0.0806277,0.0651878,0.0229168,0.994346
11.89,0.515179,-0.585976,0.464983,0.0813175,0.0610444,0.02236,0.994566
11.9,0.552803,-0.593213,0.461879,0.0831851,0.0564777,0.022249,0.994684
11.91,0.59185,-0.600042,0.458633,0.0854222,0.051789,0.0217748,0.99476
11.92,0.630188,-0.606858,0.45465,0.0881009,0.0475235,0.0211784,0.994752
11.93,0.668086,-0.613174,0.448923,0.0913143,0.0426588,0.0207332,0.994692
11.94,0.706459,-0.618208,0.442196,0.0950822,0.0377971,0.0204283,0.994542
11.95,0.746294,-0.619834,0.436447,0.0975543,0.0326503,0.019722,0.994499
11.96,0.785463,-0.61987,0.430934,0.0991545,0.027541,0.0190194,0.994509
11.97,0.823355,-0.619039,0.425832,0.100318,0.0226685,0.0188347,0.994519
11.98,0.860882,-0.616285,0.419899,0.101702,0.0175404,0.0187041,0.994484
11.99,0.898393,-0.61164,0.414663,0.102608,0.012915,0.0182713,0.99447
12,0.935033,-0.60547,0.410532,0.103581,0.00895936,0.0177491,0.994422
12.01,0.969978,-0.600325,0.406434,0.104948,0.00548071,0.0175564,0.994308
12.02,1.00587,-0.590074,0.403077,0.104831,0.00176474,0.0169411,0.994344
12.03,1.04093,-0.577872,0.402166,0.102933,-0.00186528,0.0163051,0.994553
12.04,1.07603,-0.562835,0.401671,0.099317,-0.00580032,0.0159169,0.994912
12.05,1.10998,-0.545481,0.403322,0.0957429,-0.00860748,0.0154136,0.99525
12.06,1.14208,-0.527137,0.406407,0.0920502,-0.0108557,0.0145085,0.995589
12.07,1.17326,-0.508166,0.409173,0.0896302,-0.01269,0.0133546,0.995805
12.08,1.20366,-0.4899,0.410386,0.0883486,-0.0146866,0.0123583,0.995905
12.09,1.23505,-0.470303,0.408513,0.0875505,-0.0176595,0.0109954,0.995943
12.1,1.26637,-0.449545,0.404127,0.0874929,-0.0213298,0.00955664,0.995891
12.11,1.2971,-0.428585,0.398216,0.0869557,-0.025439,0.00841559,0.995852
12.12,1.3267,-0.404875,0.393956,0.0871506,-0.0289396,0.00687539,0.995751
12.13,1.3553,-0.380572,0.390202,0.0869939,-0.0320979,0.00526485,0.995678
12.14,1.38162,-0.35594,0.387046,0.0865842,-0.0350934,0.00391475,0.995619
12.15,1.40732,-0.32953,0.384443,0.0859893,-0.0378631,0.00225284,0.995574
12.16,1.43233,-0.30143,0.383007,0.0840679,-0.0403601,0.000480184,0.995642
12.17,1.45525,-0.272705,0.382461,0.0822918,-0.0424805,-0.00113011,0.995702
12.18,1.4772,-0.240952,0.382511,0.0790717,-0.0445543,-0.0031026,0.995868
12.19,1.4986,-0.207506,0.38273,0.0755391,-0.0464463,-0.00494492,0.996048
12.2,1.51914,-0.173201,0.381103,0.071521,-0.0489511,-0.00679205,0.996214
12.21,1.53869,-0.137919,0.376263,0.066994,-0.0522955,-0.00867947,0.996344
12.22,1.55733,-0.102654,0.372292,0.0629001,-0.0551306,-0.0103111,0.996443
12.23,1.57476,-0.0665425,0.367071,0.0587148,-0.0581678,-0.0120376,0.996506
12.24,1.59095,-0.0312482,0.360159,0.0548941,-0.0615272,-0.0136602,0.996501
12.25,1.6059,0.00421996,0.354125,0.0518001,-0.0644037,-0.0152411,0.996462
12.26,1.61883,0.0400627,0.349238,0.0486202,-0.0667952,-0.0168413,0.996439
12.27,1.6303,0.0745535,0.346545,0.0458073,-0.0683842,-0.0179623,0.996445
12.28,1.64077,0.109523,0.341772,0.042922,-0.0705073,-0.019223,0.996402
12.29,1.6498,0.144525,0.337328,0.0403352,-0.0724937,-0.0204683,0.996343
12.3,1.65762,0.178618,0.333217,0.0383222,-0.0743022,-0.0216621,0.996264
12.31,1.66484,0.213926,0.326634,0.0362004,-0.0768027,-0.0230686,0.996122
12.32,1.67044,0.248104,0.321022,0.0345804,-0.079037,-0.0242485,0.995977
12.33,1.67485,0.2832,0.315716,0.0323611,-0.0810443,-0.025564,0.995857
12.34,1.6781,0.316812,0.311978,0.0298906,-0.0824972,-0.0263656,0.995794
12.35,1.67951,0.351466,0.307921,0.0273664,-0.0839888,-0.0273,0.995717
12.36,1.68025,0.385578,0.303251,0.023813,-0.0853273,-0.0278295,0.99568
12.37,1.67998,0.418065,0.298018,0.0205046,-0.0868,-0.0279327,0.995623
12.38,1.6783,0.451529,0.292925,0.0167586,-0.0880297,-0.0283688,0.995573
12.39,1.67614,0.482428,0.28772,0.0145034,-0.0895679,-0.0285099,0.995467
12.4,1.6727,0.512821,0.283065,0.0136966,-0.0913728,-0.0288999,0.995303
12.41,1.6685,0.542778,0.279402,0.0129367,-0.0929082,-0.029135,0.995164
12.42,1.66236,0.572451,0.278333,0.0119732,-0.093587,-0.0293583,0.995106
12.43,1.65453,0.601959,0.278097,0.00918807,-0.0934298,-0.0291721,0.995156
12.44,1.6456,0.632581,0.278248,0.00561954,-0.0927529,-0.0289815,0.995251
12.45,1.63555,0.663669,0.275848,0.000662081,-0.0923389,-0.0286979,0.995314
12.46,1.62493,0.694023,0.272012,-0.00435942,-0.092124,-0.0282777,0.995336
12.47,1.61304,0.725453,0.266988,-0.0105161,-0.091648,-0.027838,0.995347
12.48,1.60056,0.755125,0.262954,-0.0165901,-0.0907627,-0.0270791,0.995366
12.49,1.58669,0.784301,0.260249,-0.0222678,-0.0894414,-0.0264317,0.995392
12.5,1.57209,0.812229,0.256032,-0.027915,-0.0884592,-0.0257229,0.995356
12.51,1.55663,0.83957,0.252981,-0.0320081,-0.087709,-0.0251704,0.995314
12.52,1.53948,0.866546,0.251642,-0.0356136,-0.0865068,-0.0247662,0.995306
12.53,1.5215,0.891559,0.25218,-0.0377971,-0.0854161,-0.0245676,0.995325
12.54,1.50251,0.916228,0.253645,-0.0396101,-0.0841879,-0.0245626,0.995359
12.55,1.48301,0.939081,0.25779,-0.0409217,-0.082427,-0.0242309,0.995462
12.56,1.46145,0.963266,0.258915,-0.0435091,-0.0806611,-0.0241019,0.9955
12.57,1.43995,0.986352,0.25994,-0.0471515,-0.0782709,-0.0236116,0.995536
12.58,1.41708,1.00881,0.261363,-0.0504605,-0.0758233,-0.0231964,0.995573
12.59,1.39305,1.03078,0.26053,-0.0537178,-0.0738793,-0.022805,0.995558
12.6,1.36909,1.05208,0.260538,-0.0565969,-0.072012,-0.0226658,0.995539
12.61,1.34381,1.07316,0.259741,-0.0594751,-0.0702836,-0.0228486,0.99549
12.62,1.317,1.09277,0.262723,-0.0605168,-0.0684698,-0.0231649,0.995547
12.63,1.28857,1.11225,0.26294,-0.0624445,-0.0669432,-0.0240382,0.995511
12.64,1.25893,1.13134,0.271398,-0.0620215,-0.0642295,-0.025029,0.995691
12.65,1.2287,1.14839,0.276162,-0.0626095,-0.0619271,-0.0260116,0.995775
12.66,1.19676,1.1664,0.28175,-0.0632886,-0.0592442,-0.0271842,0.995864
12.67,1.16463,1.184,0.286202,-0.0648916,-0.0560834,-0.0281587,0.995917
12.68,1.13219,1.19915,0.28552,-0.0673597,-0.053954,-0.0289339,0.995849
12.69,1.10144,1.21314,0.281485,-0.0706427,-0.0524247,-0.0295439,0.995685
12.7,1.0698,1.22839,0.272247,-0.0750823,-0.0520127,-0.0300547,0.995366
12.71,1.03872,1.24218,0.262911,-0.0796539,-0.051407,-0.0301498,0.995039
12.72,1.00607,1.25479,0.254684,-0.0849077,-0.0493566,-0.0303603,0.994702
12.73,0.973023,1.265,0.25162,-0.0891073,-0.0459979,-0.0302349,0.9945
12.74,0.939192,1.274,0.250533,-0.0925584,-0.0423167,-0.0301531,0.994351
12.75,0.90509,1.28064,0.251804,-0.0956545,-0.0376207,-0.02976,0.994258
12.76,0.87118,1.28689,0.2525,-0.0985762,-0.033247,-0.0293696,0.99414
12.77,0.836622,1.29229,0.251447,-0.10193,-0.0290292,-0.0290395,0.993944
12.78,0.802502,1.296,0.250855,-0.104896,-0.0249351,-0.0285987,0.993759
12.79,0.76631,1.30011,0.249092,-0.107892,-0.0211502,-0.028841,0.993519
12.8,0.731169,1.30113,0.249343,-0.109849,-0.0176003,-0.0291179,0.993366
12.81,0.695293,1.30122,0.25156,-0.110978,-0.0139823,-0.0296313,0.993283
12.82,0.657577,1.30051,0.25599,-0.111201,-0.0103518,-0.0305366,0.993275
12.83,0.619924,1.29846,0.260227,-0.111455,-0.00664301,-0.0316811,0.993242
12.84,0.581707,1.29534,0.263126,-0.112041,-0.00304256,-0.0330643,0.993149
12.85,0.542775,1.29124,0.267902,-0.111998,0.00101461,-0.0346827,0.993102
12.86,0.502608,1.28581,0.272138,-0.112277,0.00547576,-0.0367025,0.992984
12.87,0.462004,1.27934,0.279482,-0.111391,0.0106158,-0.0387108,0.992966
12.88,0.421897,1.27128,0.282992,-0.111629,0.0154951,-0.0408269,0.99279
12.89,0.381429,1.2622,0.285724,-0.112171,0.020671,-0.0429951,0.992543
12.9,0.343014,1.25168,0.284937,-0.113688,0.025156,-0.0450506,0.992176
12.91,0.305524,1.24061,0.282808,-0.115757,0.0297007,-0.0469781,0.991721
12.92,0.268061,1.22773,0.280762,-0.117718,0.0347368,-0.0487522,0.991241
12.93,0.231562,1.21396,0.278222,-0.119876,0.040148,-0.0504295,0.990694
12.94,0.19674,1.19817,0.277571,-0.121098,0.0452215,-0.0518542,0.990253
12.95,0.162762,1.18016,0.276639,-0.122193,0.0503399,-0.0532307,0.989799
12.96,0.130389,1.16079,0.278701,-0.122007,0.0554781,-0.0543097,0.989488
12.97,0.0993064,1.13962,0.28152,-0.121135,0.0596247,-0.0555873,0.989283
12.98,0.071275,1.11726,0.283892,-0.120225,0.0625021,-0.056276,0.989178
12.99,0.0465914,1.09396,0.285707,-0.119401,0.0647547,-0.0568357,0.989101
13,0.0220337,1.07017,0.287969,-0.118286,0.0662702,-0.0575168,0.989095
13.01,-0.000950683,1.04366,0.293752,-0.115834,0.0674581,-0.0578237,0.989287
13.02,-0.021801,1.01602,0.300741,-0.11262,0.0681262,-0.0580126,0.989601
13.03,-0.0401442,0.98634,0.30885,-0.108712,0.0687567,-0.0576946,0.990013
13.04,-0.0584494,0.956199,0.316871,-0.104986,0.0697098,-0.0574143,0.990365
13.05,-0.0759434,0.925921,0.32369,-0.101787,0.0710391,-0.0567509,0.990642
13.06,-0.0923941,0.894465,0.329635,-0.0987286,0.074601,-0.0554389,0.990764
13.07,-0.10759,0.862378,0.334418,-0.0961113,0.0783773,-0.0539829,0.990811
13.08,-0.123715,0.829919,0.340852,-0.0926372,0.0829789,-0.0522653,0.990859
13.09,-0.138206,0.797296,0.344913,-0.0903413,0.0872593,-0.0506833,0.990785
13.1,-0.15232,0.76406,0.348719,-0.0880035,0.0920739,-0.0486298,0.990663
13.11,-0.165349,0.730306,0.353298,-0.0849257,0.096864,-0.0464174,0.990581
13.12,-0.176951,0.695516,0.359134,-0.0811215,0.100806,-0.0446941,0.990586
13.13,-0.186546,0.660212,0.364568,-0.0772505,0.104164,-0.0427533,0.990633
13.14,-0.195385,0.624072,0.37234,-0.0721369,0.106277,-0.0404502,0.990891
13.15,-0.201127,0.587349,0.377468,-0.0681456,0.107618,-0.0384312,0.991109
13.16,-0.205949,0.550338,0.382517,-0.0644713,0.10836,-0.0363847,0.991351
13.17,-0.208239,0.513363,0.389567,-0.0595411,0.110357,-0.0338715,0.991529
13.18,-0.212056,0.477543,0.395827,-0.0549574,0.111745,-0.0317997,0.991706
13.19,-0.21539,0.440677,0.400539,-0.0504269,0.114357,-0.0291518,0.991731
13.2,-0.218351,0.403715,0.405442,-0.0453795,0.117404,-0.0265871,0.991691
13.21,-0.219326,0.367888,0.410609,-0.039592,0.12077,-0.0241646,0.991596
13.22,-0.218463,0.331323,0.414621,-0.0352054,0.122892,-0.0219721,0.991552
13.23,-0.215882,0.294201,0.418997,-0.0305193,0.124135,-0.0190299,0.991613
13.24,-0.211046,0.256231,0.422999,-0.0260755,0.124847,-0.0165256,0.991696
13.25,-0.205676,0.218798,0.426717,-0.0213113,0.125585,-0.0138381,0.991757
13.26,-0.200384,0.18166,0.431251,-0.016262,0.125401,-0.0112478,0.991909
13.27,-0.19089,0.145406,0.436277,-0.0104857,0.125567,-0.00841222,0.991994
13.28,-0.181203,0.108695,0.439993,-0.00550913,0.125301,-0.00603916,0.992085
13.29,-0.170763,0.0710314,0.443089,-0.000946449,0.125309,-0.00330491,0.992112
13.3,-0.160296,0.0354782,0.445753,0.00477237,0.124417,-0.000695464,0.992218
13.31,-0.148207,0.000825516,0.448627,0.0105328,0.12389,0.000865587,0.99224
13.32,-0.135393,-0.0339658,0.451173,0.0150715,0.122714,0.00290847,0.992323
13.33,-0.120906,-0.0670721,0.453765,0.0192568,0.121437,0.00483134,0.992401
13.34,-0.104257,-0.0977417,0.45616,0.0238186,0.12022,0.00626006,0.992442
13.35,-0.0872843,-0.131776,0.458464,0.0264455,0.119968,0.00814981,0.992392
13.36,-0.0702152,-0.163479,0.460345,0.0296079,0.119677,0.0096098,0.992325
13.37,-0.0517633,-0.196005,0.461812,0.0331377,0.11948,0.011396,0.992218
13.38,-0.0308989,-0.227184,0.463465,0.0368752,0.117834,0.0124513,0.99227
13.39,-0.0101684,-0.255963,0.464699,0.0410851,0.116248,0.0133159,0.992281
13.4,0.0127723,-0.282013,0.466105,0.0455153,0.114232,0.0140697,0.992311
13.41,0.0356873,-0.30841,0.468007,0.0480674,0.111702,0.0150318,0.992465
13.42,0.0605587,-0.33332,0.470657,0.0494698,0.108857,0.0153073,0.992708
13.43,0.0858266,-0.358441,0.472203,0.0515984,0.106924,0.0159822,0.992799
13.44,0.112362,-0.38342,0.473202,0.0548455,0.105476,0.0164175,0.992773
13.45,0.138749,-0.408235,0.472983,0.059,0.104121,0.016498,0.992676
13.46,0.167486,-0.431933,0.472355,0.063537,0.101641,0.016706,0.99265
13.47,0.199431,-0.4545,0.471227,0.0675215,0.0976895,0.0172193,0.992774
13.48,0.230958,-0.475818,0.469929,0.0703751,0.0928148,0.0176405,0.993037
13.49,0.265367,-0.49286,0.468275,0.0735496,0.0882705,0.0174293,0.993225
13.5,0.298962,-0.510886,0.467715,0.0755033,0.0842646,0.0179374,0.993417
13.51,0.332495,-0.528238,0.467363,0.0774466,0.080259,0.0182922,0.993592
13.52,0.367388,-0.545034,0.464017,0.0809354,0.0758817,0.0185341,0.993654
13.53,0.403109,-0.559799,0.461058,0.0841312,0.071312,0.0186969,0.993724
13.54,0.439515,-0.573315,0.457464,0.0877924,0.0671069,0.0187635,0.993699
13.55,0.475813,-0.585195,0.454682,0.0899857,0.0627448,0.0188294,0.993786
13.56,0.512586,-0.593752,0.452269,0.0917701,0.0583162,0.0183322,0.993902
13.57,0.54958,-0.600537,0.450955,0.0927125,0.0539883,0.0179959,0.994065
13.58,0.586709,-0.605474,0.45088,0.0927156,0.0505193,0.0178547,0.99425
13.59,0.624214,-0.608885,0.450184,0.0927165,0.0466325,0.0175529,0.994445
