0,0,0,0,1,0,0,0.000796327
0.01,0,0,0,1,0,0,0.000796327
0.02,0,0,0,1,0,0,0.000796327
0.03,0,0,0,1,0,0,0.000796327
0.04,0,0,0,1,0,0,0.000796327
0.05,0,0,0,1,0,0,0.000796327
0.06,0,0,0,1,0,0,0.000796327
0.07,0,0,0,1,0,0,0.000796327
0.08,0,0,0,1,0,0,0.000796327
0.09,0,0,0,1,0,0,0.000796327
0.1,0,0,0,1,0,0,0.000796327
0.11,0,0,0,1,0,0,0.000796327
0.12,0,0,0,1,0,0,0.000796327
0.13,0,0,0,1,0,0,0.000796327
0.14,0,0,0,1,0,0,0.000796327
0.15,0,0,0,1,0,0,0.000796327
0.16,0,0,0,1,0,0,0.000796327
0.17,0,0,0,1,0,0,0.000796327
0.18,0,0,0,1,0,0,0.000796327
0.19,0,0,0,1,0,0,0.000796327
0.2,0,0,0,1,0,0,0.000796327
0.21,0,0,0,1,0,0,0.000796327
0.22,0,0,0,1,0,0,0.000796327
0.23,0,0,0,1,0,0,0.000796327
0.24,0,0,0,1,0,0,0.000796327
0.25,0,0,0,1,0,0,0.000796327
0.26,0,0,0,1,0,0,0.000796327
0.27,0,0,0,1,0,0,0.000796327
0.28,0,0,0,1,0,0,0.000796327
0.29,0,0,0,1,0,0,0.000796327
0.3,0,0,0,1,0,0,0.000796327
0.31,0,0,0,1,0,0,0.000796327
0.32,0,0,0,1,0,0,0.000796327
0.33,0,0,0,1,0,0,0.000796327
0.34,0,0,0,1,0,0,0.000796327
0.35,0,0,0,1,0,0,0.000796327
0.36,0,0,0,1,0,0,0.000796327
0.37,0,0,0,1,0,0,0.000796327
0.38,0,0,0,1,0,0,0.000796327
0.39,0,0,0,1,0,0,0.000796327
0.4,0,0,0,1,0,0,0.000796327
0.41,0,0,0,1,0,0,0.000796327
0.42,0,0,0,1,0,0,0.000796327
0.43,0,0,0,1,0,0,0.000796327
0.44,0,0,0,1,0,0,0.000796327
0.45,0,0,0,1,0,0,0.000796327
0.46,0,0,0,1,0,0,0.000796327
0.47,0,0,0,1,0,0,0.000796327
0.48,0,0,0,1,0,0,0.000796327
0.49,0,0,0,1,0,0,0.000796327
0.5,0,0,0,1,0,0,0.000796327
0.51,0,0,0,1,0,0,0.000796327
0.52,0,0,0,1,0,0,0.000796327
0.53,0,0,0,1,0,0,0.000796327
0.54,0,0,0,1,0,0,0.000796327
0.55,0,0,0,1,0,0,0.000796327
0.56,0,0,0,1,0,0,0.000796327
0.57,0,0,0,1,0,0,0.000796327
0.58,0,0,0,1,0,0,0.000796327
0.59,0,0,0,1,0,0,0.000796327
0.6,0,0,0,1,0,0,0.000796327
0.61,0,0,0,1,0,0,0.000796327
0.62,0,0,0,1,0,0,0.000796327
0.63,0,0,0,1,0,0,0.000796327
0.64,0,0,0,1,0,0,0.000796327
0.65,0,0,0,1,0,0,0.000796327
0.66,0,0,0,1,0,0,0.000796327
0.67,0,0,0,1,0,0,0.000796327
0.68,0,0,0,1,0,0,0.000796327
0.69,0,0,0,1,0,0,0.000796327
0.7,0,0,0,1,0,0,0.000796327
0.71,0,0,0,1,0,0,0.000796327
0.72,0,0,0,1,0,0,0.000796327
0.73,0,0,0,1,0,0,0.000796327
0.74,0,0,0,1,0,0,0.000796327
0.75,0,0,0,1,0,0,0.000796327
0.76,0,0,0,1,0,0,0.000796327
0.77,0,0,0,1,0,0,0.000796327
0.78,0,0,0,1,0,0,0.000796327
0.79,0,0,0,1,0,0,0.000796327
0.8,0,0,0,1,0,0,0.000796327
0.81,0,0,0,1,0,0,0.000796327
0.82,0,0,0,1,0,0,0.000796327
0.83,0,0,0,1,0,0,0.000796327
0.84,0,0,0,1,0,0,0.000796327
0.85,0,0,0,1,0,0,0.000796327
0.86,0,0,0,1,0,0,0.000796327
0.87,0,0,0,1,0,0,0.000796327
0.88,0,0,0,1,0,0,0.000796327
0.89,0,0,0,1,0,0,0.000796327
0.9,0,0,0,1,0,0,0.000796327
0.91,0,0,0,1,0,0,0.000796327
0.92,0,0,0,1,0,0,0.000796327
0.93,0,0,0,1,0,0,0.000796327
0.94,0,0,0,1,0,0,0.000796327
0.95,0,0,0,1,0,0,0.000796327
0.96,0,0,0,1,0,0,0.000796327
0.97,0,0,0,1,0,0,0.000796327
0.98,0,0,0,1,0,0,0.000796327
0.99,0,0,0,1,0,0,0.000796327
1,0,0,0,1,0,0,0.000796327
1.01,0,0,0,1,0,0,0.000796327
1.02,0,0,0,1,0,0,0.000796327
1.03,0,0,0,1,0,0,0.000796327
1.04,0,0,0,1,0,0,0.000796327
1.05,0,0,0,1,0,0,0.000796327
1.06,0,0,0,1,0,0,0.000796327
1.07,0,0,0,1,0,0,0.000796327
1.08,0,0,0,1,0,0,0.000796327
1.09,0,0,0,1,0,0,0.000796327
1.1,0,0,0,1,0,0,0.000796327
1.11,0,0,0,1,0,0,0.000796327
1.12,0,0,0,1,0,0,0.000796327
1.13,0,0,0,1,0,0,0.000796327
1.14,0,0,0,1,0,0,0.000796327
1.15,0,0,0,1,0,0,0.000796327
1.16,0,0,0,1,0,0,0.000796327
1.17,0,0,0,1,0,0,0.000796327
1.18,0,0,0,1,0,0,0.000796327
1.19,0,0,0,1,0,0,0.000796327
1.2,0,0,0,1,0,0,0.000796327
1.21,0,0,0,1,0,0,0.000796327
1.22,0,0,0,1,0,0,0.000796327
1.23,0,0,0,1,0,0,0.000796327
1.24,0,0,0,1,0,0,0.000796327
1.25,0,0,0,1,0,0,0.000796327
1.26,0,0,0,1,0,0,0.000796327
1.27,0,0,0,1,0,0,0.000796327
1.28,0,0,0,1,0,0,0.000796327
1.29,0,0,0,1,0,0,0.000796327
1.3,0,0,0,1,0,0,0.000796327
1.31,0,0,0,1,0,0,0.000796327
1.32,0,0,0,1,0,0,0.000796327
1.33,0,0,0,1,0,0,0.000796327
1.34,0,0,0,1,0,0,0.000796327
1.35,0,0,0,1,0,0,0.000796327
1.36,0,0,0,1,0,0,0.000796327
1.37,0,0,0,1,0,0,0.000796327
1.38,0,0,0,1,0,0,0.000796327
1.39,0,0,0,1,0,0,0.000796327
1.4,0,0,0,1,0,0,0.000796327
1.41,0,0,0,1,0,0,0.000796327
1.42,0,0,0,1,0,0,0.000796327
1.43,0,0,0,1,0,0,0.000796327
1.44,0,0,0,1,0,0,0.000796327
1.45,0,0,0,1,0,0,0.000796327
1.46,0,0,0,1,0,0,0.000796327
1.47,0,0,0,1,0,0,0.000796327
1.48,0,0,0,1,0,0,0.000796327
1.49,0,0,0,1,0,0,0.000796327
1.5,0,0,0,1,0,0,0.000796327
1.51,0,0,0,1,0,0,0.000796327
1.52,0,0,0,1,0,0,0.000796327
1.53,0,0,0,1,0,0,0.000796327
1.54,0,0,0,1,0,0,0.000796327
1.55,0,0,0,1,0,0,0.000796327
1.56,0,0,0,1,0,0,0.000796327
1.57,0,0,0,1,0,0,0.000796327
1.58,0,0,0,1,0,0,0.000796327
1.59,0,0,0,1,0,0,0.000796327
1.6,0,0,0,1,0,0,0.000796327
1.61,0,0,0,1,0,0,0.000796327
1.62,0,0,0,1,0,0,0.000796327
1.63,0,0,0,1,0,0,0.000796327
1.64,0,0,0,1,0,0,0.000796327
1.65,0,0,0,1,0,0,0.000796327
1.66,0,0,0,1,0,0,0.000796327
1.67,0,0,0,1,0,0,0.000796327
1.68,0,0,0,1,0,0,0.000796327
1.69,0,0,0,1,0,0,0.000796327
1.7,0,0,0,1,0,0,0.000796327
1.71,0,0,0,1,0,0,0.000796327
1.72,0,0,0,1,0,0,0.000796327
1.73,0,0,0,1,0,0,0.000796327
1.74,0,0,0,1,0,0,0.000796327
1.75,0,0,0,1,0,0,0.000796327
1.76,0,0,0,1,0,0,0.000796327
1.77,0,0,0,1,0,0,0.000796327
1.78,0,0,0,1,0,0,0.000796327
1.79,0,0,0,1,0,0,0.000796327
1.8,0,0,0,1,0,0,0.000796327
1.81,0,0,0,1,0,0,0.000796327
1.82,0,0,0,1,0,0,0.000796327
1.83,0,0,0,1,0,0,0.000796327
1.84,0,0,0,1,0,0,0.000796327
1.85,0,0,0,1,0,0,0.000796327
1.86,0,0,0,1,0,0,0.000796327
1.87,0,0,0,1,0,0,0.000796327
1.88,0,0,0,1,0,0,0.000796327
1.89,0,0,0,1,0,0,0.000796327
1.9,0,0,0,1,0,0,0.000796327
1.91,0,0,0,1,0,0,0.000796327
1.92,0,0,0,1,0,0,0.000796327
1.93,0,0,0,1,0,0,0.000796327
1.94,0,0,0,1,0,0,0.000796327
1.95,0,0,0,1,0,0,0.000796327
1.96,0,0,0,1,0,0,0.000796327
1.97,0,0,0,1,0,0,0.000796327
1.98,0,0,0,1,0,0,0.000796327
1.99,0,0,0,1,0,0,0.000796327
2,0,0,0,1,0,0,0.000796327
2.01,0,0,0,1,0,0,0.000796327
2.02,0,0,0,1,0,0,0.000796327
2.03,0,0,0,1,0,0,0.000796327
2.04,0,0,0,1,0,0,0.000796327
2.05,0,0,0,1,0,0,0.000796327
2.06,0,0,0,1,0,0,0.000796327
2.07,0,0,0,1,0,0,0.000796327
2.08,0,0,0,1,0,0,0.000796327
2.09,0,0,0,1,0,0,0.000796327
2.1,0,0,0,1,0,0,0.000796327
2.11,0,0,0,1,0,0,0.000796327
2.12,0,0,0,1,0,0,0.000796327
2.13,0,0,0,1,0,0,0.000796327
2.14,0,0,0,1,0,0,0.000796327
2.15,0,0,0,1,0,0,0.000796327
2.16,0,0,0,1,0,0,0.000796327
2.17,0,0,0,1,0,0,0.000796327
2.18,0,0,0,1,0,0,0.000796327
2.19,0,0,0,1,0,0,0.000796327
2.2,0,0,0,1,0,0,0.000796327
2.21,0,0,0,1,0,0,0.000796327
2.22,0,0,0,1,0,0,0.000796327
2.23,0,0,0,1,0,0,0.000796327
2.24,0,0,0,1,0,0,0.000796327
2.25,0,0,0,1,0,0,0.000796327
2.26,0,0,0,1,0,0,0.000796327
2.27,0,0,0,1,0,0,0.000796327
2.28,0,0,0,1,0,0,0.000796327
2.29,0,0,0,1,0,0,0.000796327
2.3,0,0,0,1,0,0,0.000796327
2.31,0,0,0,1,0,0,0.000796327
2.32,0,0,0,1,0,0,0.000796327
2.33,0,0,0,1,0,0,0.000796327
2.34,0,0,0,1,0,0,0.000796327
2.35,0,0,0,1,0,0,0.000796327
2.36,0,0,0,1,0,0,0.000796327
2.37,0,0,0,1,0,0,0.000796327
2.38,0,0,0,1,0,0,0.000796327
2.39,0,0,0,1,0,0,0.000796327
2.4,0,0,0,1,0,0,0.000796327
2.41,0,0,0,1,0,0,0.000796327
2.42,0,0,0,1,0,0,0.000796327
2.43,0,0,0,1,0,0,0.000796327
2.44,0,0,0,1,0,0,0.000796327
2.45,0,0,0,1,0,0,0.000796327
2.46,0,0,0,1,0,0,0.000796327
2.47,0,0,0,1,0,0,0.000796327
2.48,0,0,0,1,0,0,0.000796327
2.49,0,0,0,1,0,0,0.000796327
2.5,0,0,0,1,0,0,0.000796327
2.51,0,0,0,1,0,0,0.000796327
2.52,0,0,0,1,0,0,0.000796327
2.53,0,0,0,1,0,0,0.000796327
2.54,0,0,0,1,0,0,0.000796327
2.55,0,0,0,1,0,0,0.000796327
2.56,0,0,0,1,0,0,0.000796327
2.57,0,0,0,1,0,0,0.000796327
2.58,0,0,0,1,0,0,0.000796327
2.59,0,0,0,1,0,0,0.000796327
2.6,0,0,0,1,0,0,0.000796327
2.61,0,0,0,1,0,0,0.000796327
2.62,0,0,0,1,0,0,0.000796327
2.63,0,0,0,1,0,0,0.000796327
2.64,0,0,0,1,0,0,0.000796327
2.65,0,0,0,1,0,0,0.000796327
2.66,0,0,0,1,0,0,0.000796327
2.67,0,0,0,1,0,0,0.000796327
2.68,0,0,0,1,0,0,0.000796327
2.69,0,0,0,1,0,0,0.000796327
2.7,0,0,0,1,0,0,0.000796327
2.71,0,0,0,1,0,0,0.000796327
2.72,0,0,0,1,0,0,0.000796327
2.73,0,0,0,1,0,0,0.000796327
2.74,0,0,0,1,0,0,0.000796327
2.75,0,0,0,1,0,0,0.000796327
2.76,0,0,0,1,0,0,0.000796327
2.77,0,0,0,1,0,0,0.000796327
2.78,0,0,0,1,0,0,0.000796327
2.79,0,0,0,1,0,0,0.000796327
2.8,0,0,0,1,0,0,0.000796327
2.81,0,0,0,1,0,0,0.000796327
2.82,0,0,0,1,0,0,0.000796327
2.83,0,0,0,1,0,0,0.000796327
2.84,0,0,0,1,0,0,0.000796327
2.85,0,0,0,1,0,0,0.000796327
2.86,0,0,0,1,0,0,0.000796327
2.87,0,0,0,1,0,0,0.000796327
2.88,0,0,0,1,0,0,0.000796327
2.89,0,0,0,1,0,0,0.000796327
2.9,0,0,0,1,0,0,0.000796327
2.91,0,0,0,1,0,0,0.000796327
2.92,0,0,0,1,0,0,0.000796327
2.93,0,0,0,1,0,0,0.000796327
2.94,0,0,0,1,0,0,0.000796327
2.95,-0.0173233,-0.19536,0.070418,0.999436,-0.00690177,-0.0174255,-0.0278623
2.96,-0.0181298,-0.20584,0.0745368,0.99943,-0.00666763,-0.0186081,-0.0273713
2.97,-0.0183239,-0.2167,0.078729,0.999418,-0.00657831,-0.0199861,-0.0268478
2.98,-0.0183399,-0.228376,0.0827648,0.999423,-0.00627322,-0.0211721,-0.0257908
2.99,-0.0177864,-0.239167,0.0873286,0.999433,-0.00609421,-0.0223969,-0.0243908
3,-0.0171442,-0.25075,0.0916709,0.999426,-0.00584253,-0.0235003,-0.023707
3.01,-0.0164632,-0.26303,0.096131,0.999413,-0.00536118,-0.0246895,-0.0231489
3.02,-0.0151747,-0.275174,0.100797,0.999387,-0.00516215,-0.0261563,-0.0227042
3.03,-0.0133515,-0.287095,0.105808,0.999373,-0.0048623,-0.0277106,-0.0215093
3.04,-0.0116562,-0.299231,0.110795,0.999362,-0.00435,-0.0293088,-0.0199184
3.05,-0.0090627,-0.311988,0.11568,0.999345,-0.00400604,-0.0306174,-0.0188806
3.06,-0.00669223,-0.325148,0.120624,0.999308,-0.00331703,-0.0325502,-0.0176681
3.07,-0.00379686,-0.33799,0.125757,0.999256,-0.00280783,-0.0344197,-0.0171701
3.08,-0.00105058,-0.350559,0.13123,0.999196,-0.00225481,-0.0365653,-0.0163095
3.09,0.00272054,-0.362947,0.136671,0.99913,-0.00173137,-0.0386714,-0.0155321
3.1,0.00641978,-0.376119,0.142223,0.999072,-0.000986788,-0.0405259,-0.0145523
3.11,0.0109601,-0.389073,0.147965,0.999002,-0.000452119,-0.0425179,-0.0136944
3.12,0.0158555,-0.402286,0.153581,0.998923,0.000204869,-0.044749,-0.0122881
3.13,0.0211382,-0.415362,0.159649,0.998834,0.000840694,-0.047096,-0.0105491
3.14,0.0269453,-0.42802,0.165575,0.998758,0.00121825,-0.0489739,-0.00910458
3.15,0.0336915,-0.441435,0.171569,0.998683,0.0019524,-0.0507239,-0.00747827
3.16,0.0406842,-0.454689,0.177827,0.998637,0.00243595,-0.051778,-0.00602188
3.17,0.0475772,-0.468234,0.184473,0.998547,0.00294521,-0.0536347,-0.00435362
3.18,0.0554633,-0.481513,0.190738,0.998431,0.00354907,-0.055817,-0.00276203
3.19,0.0635441,-0.494369,0.197162,0.998352,0.0040042,-0.0572316,-0.00101285
3.2,0.0734936,-0.506553,0.203663,0.998264,0.0043486,-0.0587215,0.000957441
3.21,0.0829883,-0.519826,0.209827,0.998182,0.00497126,-0.0599999,0.00270895
3.22,0.0928051,-0.532397,0.216411,0.998106,0.00540009,-0.0611236,0.00430889
3.23,0.10397,-0.544352,0.223422,0.998003,0.00568264,-0.0625943,0.00630198
3.24,0.114761,-0.556316,0.230179,0.997916,0.00621488,-0.0636847,0.00834434
3.25,0.127035,-0.569027,0.236599,0.997818,0.00667704,-0.0649221,0.00997542
3.26,0.139948,-0.580159,0.24363,0.997704,0.00712621,-0.0662076,0.0123891
3.27,0.153654,-0.591982,0.249876,0.997644,0.00778947,-0.0665783,0.0146299
3.28,0.167741,-0.602744,0.256343,0.997575,0.00804974,-0.0669786,0.0171498
3.29,0.18247,-0.613169,0.2635,0.9975,0.00861466,-0.0673654,0.0195178
3.3,0.197399,-0.623616,0.270107,0.997417,0.00938513,-0.06771,0.0220701
3.31,0.213165,-0.633586,0.276854,0.997308,0.00965467,-0.0685055,0.0243186
3.32,0.229603,-0.643919,0.283621,0.997219,0.0101816,-0.0688274,0.0267249
3.33,0.246552,-0.653215,0.290433,0.997097,0.0109685,-0.0692085,0.0297871
3.34,0.264525,-0.662093,0.296816,0.997061,0.0112449,-0.0687389,0.0319082
3.35,0.282199,-0.669525,0.30362,0.996956,0.0118329,-0.0688159,0.0346922
3.36,0.300329,-0.677825,0.31049,0.996901,0.0125265,-0.0687334,0.0361503
3.37,0.320053,-0.68515,0.316793,0.99682,0.0129377,-0.0689437,0.037802
3.38,0.33984,-0.691899,0.323463,0.996724,0.0135382,-0.0691441,0.0397072
3.39,0.360264,-0.698425,0.329865,0.996622,0.0141273,-0.0692878,0.0417621
3.4,0.381134,-0.703035,0.336142,0.996529,0.0145012,-0.0690282,0.0442105
3.41,0.402802,-0.708052,0.342315,0.996478,0.0150443,-0.068081,0.046583
3.42,0.424301,-0.712348,0.348946,0.996438,0.0157241,-0.0668678,0.0489213
3.43,0.446764,-0.716531,0.355233,0.996403,0.0158678,-0.0660633,0.0506472
3.44,0.469464,-0.71925,0.361606,0.9963,0.0162378,-0.0653752,0.05338
3.45,0.492969,-0.722354,0.367923,0.996246,0.0165659,-0.0645676,0.0552336
3.46,0.516826,-0.724221,0.373845,0.996202,0.0165693,-0.0637935,0.056893
3.47,0.540486,-0.724474,0.38017,0.996117,0.0167091,-0.0629095,0.0592861
3.48,0.565569,-0.724998,0.385466,0.996067,0.0168451,-0.0620722,0.0609451
3.49,0.589966,-0.723911,0.391662,0.99606,0.016537,-0.0606777,0.0625271
3.5,0.614704,-0.722674,0.397477,0.996059,0.0165032,-0.0589421,0.0641884
3.51,0.641041,-0.720741,0.403166,0.996044,0.01627,-0.0572587,0.065985
3.52,0.666841,-0.717374,0.408569,0.996061,0.0158972,-0.0550212,0.0676868
3.53,0.693342,-0.713747,0.414029,0.996093,0.0155185,-0.0530426,0.0688787
3.54,0.720168,-0.708899,0.419106,0.996129,0.0150932,-0.0509462,0.0700222
3.55,0.747377,-0.703302,0.423881,0.996197,0.0143472,-0.0485758,0.0709009
3.56,0.774194,-0.697319,0.429414,0.996228,0.0140992,-0.0463999,0.0719649
3.57,0.800866,-0.691372,0.434361,0.99625,0.0134088,-0.0443968,0.073042
3.58,0.827421,-0.683497,0.439068,0.996239,0.0127316,-0.042297,0.0745426
3.59,0.854384,-0.675279,0.443702,0.996178,0.0121643,-0.0406377,0.0763544
3.6,0.881477,-0.666805,0.448541,0.996182,0.0112002,-0.0384705,0.0775665
3.61,0.908656,-0.657229,0.453095,0.996135,0.0104191,-0.0363944,0.0792562
3.62,0.93723,-0.647246,0.456976,0.996064,0.00955733,-0.0341575,0.0812351
3.63,0.964232,-0.635452,0.461508,0.995999,0.00860843,-0.0311898,0.083302
3.64,0.990759,-0.622751,0.465931,0.99596,0.00786133,-0.0285267,0.0847833
3.65,1.01735,-0.609801,0.470414,0.995965,0.00733465,-0.0263322,0.0854826
3.66,1.0441,-0.595745,0.473994,0.996037,0.00650028,-0.0237226,0.0854671
3.67,1.07134,-0.580958,0.477713,0.996131,0.00587045,-0.0208199,0.0851712
3.68,1.0978,-0.564734,0.481098,0.996191,0.00538066,-0.0173775,0.0852784
3.69,1.12448,-0.551217,0.485105,0.996359,0.0047997,-0.0140933,0.0839484
3.7,1.14934,-0.534847,0.489055,0.996422,0.00430389,-0.0107571,0.0837188
3.71,1.17546,-0.516545,0.492323,0.996398,0.00356112,-0.00734076,0.0844089
3.72,1.20109,-0.497642,0.495336,0.996391,0.00262414,-0.00302243,0.0847872
3.73,1.22572,-0.476086,0.497823,0.996341,0.00176396,0.000768534,0.0854486
3.74,1.25162,-0.453628,0.500063,0.996379,0.00080411,0.00433284,0.0849085
3.75,1.27587,-0.432885,0.502626,0.996538,-0.000240025,0.00843176,0.0827053
3.76,1.29822,-0.411638,0.505481,0.996626,-0.00113841,0.0127713,0.0810697
3.77,1.32202,-0.391074,0.508822,0.996706,-0.00253214,0.0163382,0.0793959
3.78,1.3447,-0.36837,0.511036,0.996693,-0.00374384,0.0197943,0.0787202
3.79,1.36449,-0.346281,0.514131,0.996701,-0.00471669,0.0236759,0.0774823
3.8,1.38623,-0.3231,0.516811,0.996735,-0.00610215,0.0266789,0.0759601
3.81,1.40632,-0.299278,0.519498,0.996789,-0.0072782,0.029138,0.0742276
3.82,1.42678,-0.273214,0.52145,0.996788,-0.00841106,0.0320933,0.0728844
3.83,1.44504,-0.247937,0.523464,0.996789,-0.00983954,0.0358045,0.0709489
3.84,1.46448,-0.219944,0.524794,0.996663,-0.0109079,0.0396311,0.0705162
3.85,1.48213,-0.194056,0.526497,0.996625,-0.0118665,0.0447321,0.0678048
3.86,1.49943,-0.168161,0.529325,0.996555,-0.0128097,0.0495994,0.0652232
3.87,1.51568,-0.14059,0.53117,0.996351,-0.013822,0.0550496,0.0637428
3.88,1.53061,-0.114092,0.533374,0.996185,-0.0148919,0.0603775,0.061224
3.89,1.54447,-0.088001,0.535293,0.996049,-0.0154435,0.0646094,0.0589344
3.9,1.55803,-0.0605468,0.537331,0.995977,-0.0167193,0.067501,0.0565215
3.91,1.57041,-0.0302999,0.538202,0.995879,-0.0175472,0.0699149,0.0550411
3.92,1.5823,-0.0010906,0.540122,0.995802,-0.018536,0.0722062,0.053119
3.93,1.59273,0.0284167,0.541631,0.995702,-0.0193377,0.0748562,0.0509865
3.94,1.60142,0.0564078,0.543182,0.995603,-0.02014,0.0777573,0.0482058
3.95,1.60918,0.0861949,0.544184,0.99553,-0.0206208,0.0801883,0.0454326
3.96,1.61628,0.116171,0.545509,0.995479,-0.0212113,0.0819189,0.0431419
3.97,1.62249,0.14649,0.546622,0.99543,-0.0221087,0.0834563,0.0408033
3.98,1.62689,0.176574,0.547569,0.995384,-0.0227208,0.0851374,0.0380372
3.99,1.63019,0.20626,0.548804,0.995353,-0.0231654,0.0866611,0.0349989
4,1.63307,0.236062,0.549835,0.995399,-0.0238137,0.0872327,0.0316838
4.01,1.63434,0.266233,0.550883,0.995475,-0.0242133,0.087243,0.0288475
4.02,1.63466,0.297522,0.551904,0.995487,-0.0248621,0.0877886,0.0260916
4.03,1.63411,0.327651,0.552901,0.995433,-0.0256627,0.0888642,0.0235985
4.04,1.63279,0.358579,0.55393,0.995201,-0.0263977,0.0912257,0.0235979
4.05,1.62993,0.388618,0.555038,0.994893,-0.0270956,0.0944798,0.0229814
4.06,1.62596,0.418357,0.556062,0.994655,-0.0276034,0.0970583,0.0218878
4.07,1.62058,0.44784,0.556704,0.994523,-0.0280011,0.0989695,0.0185844
4.08,1.61426,0.479466,0.557507,0.994576,-0.0276314,0.0992082,0.0146184
4.09,1.60698,0.510437,0.558358,0.994729,-0.0272766,0.0984406,0.00894807
4.1,1.59906,0.541198,0.55877,0.994946,-0.0266851,0.096786,0.0017731
4.11,1.58988,0.571965,0.559108,0.995114,-0.0259528,0.0951324,-0.00493257
4.12,1.57886,0.602296,0.559392,0.995202,-0.0255742,0.0936747,-0.0119673
4.13,1.56679,0.633183,0.559879,0.995298,-0.0250237,0.0918549,-0.0178692
4.14,1.55439,0.662094,0.560582,0.995344,-0.0247444,0.0899744,-0.0241319
4.15,1.5406,0.690519,0.560926,0.995393,-0.0240324,0.0878474,-0.0299735
4.16,1.52656,0.719374,0.56116,0.995424,-0.0237085,0.0857892,-0.0347792
4.17,1.51107,0.745232,0.561771,0.995316,-0.0234197,0.084561,-0.0405806
4.18,1.49477,0.772373,0.56217,0.995249,-0.0231213,0.0832421,-0.0449061
4.19,1.47784,0.797258,0.562486,0.995042,-0.0227129,0.0823122,-0.0509842
4.2,1.45985,0.822971,0.563086,0.994886,-0.0221828,0.0808488,-0.0563258
4.21,1.43993,0.848899,0.562876,0.994695,-0.0218808,0.0794186,-0.0616053
4.22,1.42037,0.873739,0.563266,0.99458,-0.0213146,0.0774039,-0.0660739
4.23,1.40018,0.896955,0.563148,0.994565,-0.0209853,0.0747218,-0.0694088
4.24,1.37873,0.919383,0.56277,0.994536,-0.020746,0.0719592,-0.0727236
4.25,1.35573,0.941845,0.562188,0.994576,-0.0204482,0.0692075,-0.0749106
4.26,1.3328,0.962783,0.562049,0.994518,-0.0203991,0.0665958,-0.0779923
4.27,1.30959,0.981221,0.56227,0.994426,-0.0202455,0.0642569,-0.0811042
4.28,1.28495,0.999311,0.562065,0.994202,-0.020362,0.0630908,-0.084661
4.29,1.2609,1.01729,0.561979,0.994091,-0.0202261,0.0611266,-0.0873917
4.3,1.23511,1.03406,0.561647,0.994008,-0.0202829,0.0595723,-0.089378
4.31,1.20843,1.05042,0.560856,0.993975,-0.0205886,0.0575681,-0.0909682
4.32,1.18131,1.0662,0.560553,0.99405,-0.0205958,0.0549647,-0.0917608
4.33,1.15334,1.08006,0.559876,0.993932,-0.0206347,0.053741,-0.0937247
4.34,1.12573,1.09227,0.559172,0.99383,-0.0204386,0.0521226,-0.0957501
4.35,1.09779,1.10336,0.558769,0.99381,-0.0204074,0.04916,-0.0975072
4.36,1.06928,1.11321,0.558018,0.993857,-0.0202533,0.0457619,-0.0987124
4.37,1.03946,1.12243,0.557274,0.993827,-0.0201754,0.0429992,-0.100261
4.38,1.00879,1.13107,0.555533,0.993795,-0.0202852,0.0405642,-0.101557
4.39,0.978678,1.13818,0.554974,0.993781,-0.0205198,0.0379609,-0.102652
4.4,0.947875,1.14497,0.553725,0.99385,-0.0207143,0.0353782,-0.102864
4.41,0.917706,1.14932,0.552547,0.993969,-0.0211735,0.0321821,-0.102675
4.42,0.885964,1.15316,0.551295,0.994068,-0.0215788,0.0287334,-0.102654
4.43,0.854158,1.15555,0.550247,0.994034,-0.0218574,0.0251619,-0.103851
4.44,0.82188,1.15738,0.548687,0.994041,-0.0220167,0.0208422,-0.104704
4.45,0.789414,1.15852,0.54743,0.993977,-0.0225402,0.0163036,-0.106001
4.46,0.755798,1.1569,0.54527,0.993883,-0.0228579,0.0112767,-0.107456
4.47,0.723171,1.15586,0.544238,0.993791,-0.0234173,0.00598852,-0.10861
4.48,0.69093,1.15138,0.542153,0.993671,-0.0236492,0.000547172,-0.109814
4.49,0.65837,1.1476,0.540729,0.993616,-0.0243348,-0.00440575,-0.110072
4.5,0.626057,1.14079,0.539215,0.993462,-0.0248516,-0.00860542,-0.11109
4.51,0.595301,1.13569,0.538553,0.993398,-0.0253046,-0.0122016,-0.111222
4.52,0.563092,1.12597,0.536323,0.993229,-0.0259944,-0.0161732,-0.112063
4.53,0.530943,1.11699,0.534718,0.993126,-0.0270093,-0.0199438,-0.112128
4.54,0.499606,1.10641,0.532828,0.993061,-0.027471,-0.0244708,-0.111695
4.55,0.468242,1.095,0.530946,0.992924,-0.0281282,-0.0283926,-0.111825
4.56,0.437561,1.08159,0.528769,0.992791,-0.028643,-0.0314193,-0.112062
4.57,0.406861,1.06775,0.52696,0.992681,-0.0293492,-0.0340993,-0.112073
4.58,0.377046,1.05233,0.524593,0.992589,-0.0297627,-0.0378573,-0.111573
4.59,0.349392,1.03667,0.52304,0.992506,-0.0301199,-0.04236,-0.11059
4.6,0.322484,1.02028,0.522015,0.992445,-0.0303659,-0.0468108,-0.109266
4.61,0.294047,1.00138,0.519157,0.992324,-0.0307625,-0.0507707,-0.108484
4.62,0.264799,0.980482,0.51546,0.992106,-0.0309525,-0.0547442,-0.108495
4.63,0.238894,0.959707,0.513559,0.992022,-0.031052,-0.0587429,-0.107133
4.64,0.215256,0.93901,0.51156,0.992003,-0.0309301,-0.0621544,-0.105407
4.65,0.191082,0.916242,0.509448,0.992021,-0.0310711,-0.065406,-0.103205
4.66,0.168769,0.893416,0.508,0.99205,-0.0313126,-0.0693996,-0.100198
4.67,0.146018,0.869013,0.505936,0.992068,-0.0313154,-0.0733912,-0.0971313
4.68,0.124345,0.843148,0.503193,0.992092,-0.0313483,-0.0766616,-0.094303
4.69,0.103716,0.816227,0.500172,0.992152,-0.0316887,-0.0793872,-0.0912594
4.7,0.0845174,0.788345,0.497769,0.992282,-0.0314055,-0.0815959,-0.0879301
4.71,0.0672616,0.762323,0.496006,0.992355,-0.0313464,-0.0842591,-0.0845584
4.72,0.0506034,0.733237,0.4937,0.992349,-0.0314763,-0.0857369,-0.0830794
4.73,0.0337605,0.704073,0.491548,0.992383,-0.0316866,-0.0870493,-0.0812101
4.74,0.0198267,0.676174,0.489728,0.992371,-0.0316539,-0.0894569,-0.0787073
4.75,0.00589636,0.645702,0.487241,0.992301,-0.0316237,-0.0919006,-0.0767717
4.76,-0.00487,0.617723,0.485579,0.992334,-0.0314106,-0.0944654,-0.0732264
4.77,-0.0159389,0.584886,0.482711,0.992233,-0.0313668,-0.0969976,-0.0712842
4.78,-0.0258718,0.554541,0.480462,0.992313,-0.0308758,-0.0987661,-0.0678757
4.79,-0.0339315,0.522188,0.478415,0.992427,-0.0306444,-0.0994226,-0.0653009
4.8,-0.0410873,0.488868,0.476105,0.99249,-0.0304171,-0.100322,-0.0630394
4.81,-0.047391,0.455936,0.473469,0.992571,-0.0301349,-0.10095,-0.0608557
4.82,-0.0511521,0.425544,0.471876,0.992716,-0.029897,-0.10137,-0.0578361
4.83,-0.0550667,0.392904,0.470467,0.992837,-0.0297927,-0.101413,-0.0557045
4.84,-0.0564816,0.359032,0.468146,0.992915,-0.0294271,-0.102434,-0.0525468
4.85,-0.0565033,0.326958,0.466779,0.993065,-0.0287369,-0.103559,-0.047666
4.86,-0.0561472,0.292465,0.464695,0.993212,-0.0281856,-0.104166,-0.0434251
4.87,-0.0544489,0.259018,0.462618,0.993341,-0.0276079,-0.10483,-0.039009
4.88,-0.0506583,0.225277,0.461191,0.993372,-0.0266748,-0.106362,-0.0344679
4.89,-0.0466983,0.191537,0.459944,0.993387,-0.0258952,-0.107588,-0.0306013
4.9,-0.0416568,0.158275,0.458278,0.993423,-0.0250238,-0.108645,-0.0260947
4.91,-0.0357298,0.124637,0.456738,0.993488,-0.0239396,-0.109154,-0.0222156
4.92,-0.0275818,0.0922773,0.455322,0.993577,-0.0228637,-0.109363,-0.0179549
4.93,-0.017898,0.059562,0.453822,0.993641,-0.0218319,-0.109516,-0.014418
4.94,-0.00789112,0.0276719,0.452468,0.993792,-0.0208392,-0.108815,-0.0100835
4.95,0.00400401,-0.00604872,0.450976,0.993812,-0.0193676,-0.10923,-0.00560911
4.96,0.016218,-0.0373299,0.449864,0.993805,-0.0180707,-0.109657,-0.00031293
4.97,0.029177,-0.0671317,0.44915,0.99372,-0.0166961,-0.110483,0.0059242
4.98,0.0438851,-0.0989592,0.447535,0.993665,-0.0151724,-0.110852,0.0105124
4.99,0.0596489,-0.128392,0.447028,0.993586,-0.0135795,-0.111253,0.0150389
5,0.0760946,-0.157017,0.446024,0.993623,-0.0120651,-0.110543,0.0186319
5.01,0.0950787,-0.185969,0.444693,0.99365,-0.0101766,-0.109879,0.0219704
5.02,0.113553,-0.212563,0.444454,0.993785,-0.00868993,-0.108032,0.02538
5.03,0.134719,-0.239548,0.443719,0.99392,-0.00678887,-0.106329,0.0277841
5.04,0.154379,-0.264189,0.443223,0.994093,-0.0051453,-0.103963,0.0307319
5.05,0.175834,-0.287599,0.444328,0.99415,-0.0037115,-0.102237,0.0346274
5.06,0.197988,-0.308711,0.444811,0.994187,-0.00265806,-0.0999791,0.0398747
5.07,0.222107,-0.333404,0.443812,0.994246,-0.00100715,-0.098012,0.0432232
5.08,0.24599,-0.35515,0.444007,0.994183,0.00030639,-0.0965191,0.0477902
5.09,0.271862,-0.377772,0.444084,0.994149,0.00148512,-0.0953185,0.0507921
5.1,0.296129,-0.395505,0.444796,0.994096,0.00259252,-0.0935621,0.0548944
5.11,0.32277,-0.413822,0.444941,0.994127,0.00361737,-0.0914305,0.0577825
5.12,0.348509,-0.429326,0.445363,0.994113,0.00431547,-0.0894141,0.0610369
5.13,0.37642,-0.446779,0.446428,0.994176,0.00458312,-0.0879709,0.0620761
5.14,0.40445,-0.461842,0.447407,0.994148,0.00514068,-0.0867633,0.0641529
5.15,0.433461,-0.476619,0.447808,0.994123,0.00588635,-0.0853955,0.0662753
5.16,0.462537,-0.488264,0.448747,0.994165,0.00594113,-0.0827448,0.0689496
5.17,0.491622,-0.499361,0.450161,0.994266,0.00643037,-0.0796842,0.0710291
5.18,0.523141,-0.509724,0.450607,0.994444,0.00697035,-0.0761102,0.0723866
5.19,0.554514,-0.519885,0.451756,0.994591,0.00760439,-0.0725403,0.0739458
5.2,0.584911,-0.526521,0.453327,0.994716,0.00750735,-0.0684914,0.0761032
5.21,0.615766,-0.532949,0.454441,0.994815,0.00788204,-0.0646397,0.0781156
5.22,0.646705,-0.537397,0.456274,0.994899,0.00818653,-0.0605876,0.0802412
5.23,0.679255,-0.544497,0.458423,0.995079,0.00832441,-0.0567547,0.0807871
5.24,0.711407,-0.548326,0.459975,0.9951,0.00862941,-0.0533843,0.0827801
5.25,0.742387,-0.548812,0.460992,0.995029,0.00905107,-0.0494473,0.0859642
5.26,0.77311,-0.549602,0.463167,0.994958,0.00922528,-0.0454654,0.0889201
5.27,0.804721,-0.54871,0.4652,0.994919,0.00915961,-0.0408973,0.0915381
5.28,0.838318,-0.54796,0.467175,0.994949,0.00931687,-0.0364898,0.0930479
5.29,0.871211,-0.545841,0.46877,0.995096,0.00947081,-0.0317307,0.0932056
5.3,0.90151,-0.540141,0.470056,0.99524,0.00954096,-0.0261263,0.0934033
5.31,0.933384,-0.535167,0.471678,0.995388,0.0091948,-0.0217264,0.0929883
5.32,0.965419,-0.528878,0.473337,0.995537,0.00916425,-0.0172645,0.0923244
5.33,0.995973,-0.518219,0.474741,0.995513,0.00858257,-0.0138058,0.0932137
5.34,1.02647,-0.510093,0.476265,0.995672,0.00772246,-0.0102708,0.0920427
5.35,1.05736,-0.500187,0.4787,0.995832,0.00690976,-0.00686347,0.0906874
5.36,1.08672,-0.48889,0.480837,0.996024,0.00612094,-0.00324475,0.0888135
5.37,1.11619,-0.475939,0.48174,0.996224,0.00488146,-6.8258e-05,0.0866818
5.38,1.14434,-0.462938,0.483979,0.996415,0.00326855,0.00313456,0.0844762
5.39,1.17153,-0.447411,0.486205,0.996533,0.0019222,0.00648958,0.0829267
5.4,1.19814,-0.43155,0.487798,0.996657,0.000298421,0.0100995,0.0810695
5.41,1.2241,-0.415103,0.489977,0.996827,-0.00139011,0.0132844,0.0784703
5.42,1.25006,-0.398291,0.491969,0.996947,-0.00299795,0.0170957,0.0761239
5.43,1.27443,-0.380285,0.494677,0.996999,-0.00468168,0.0211476,0.0743226
5.44,1.29996,-0.360138,0.496092,0.996965,-0.00649767,0.0246517,0.0735589
5.45,1.32523,-0.341643,0.49879,0.996971,-0.00816988,0.0282228,0.0720113
5.46,1.34767,-0.320349,0.501172,0.99689,-0.0101392,0.031725,0.071419
5.47,1.36901,-0.299598,0.503446,0.996845,-0.0122138,0.0346132,0.07037
5.48,1.39059,-0.278448,0.506156,0.996871,-0.0138024,0.036924,0.0685139
5.49,1.41179,-0.256844,0.508463,0.996926,-0.0153852,0.0392255,0.0660554
5.5,1.43213,-0.231373,0.510654,0.996886,-0.0171901,0.0421411,0.0643905
5.51,1.45094,-0.205488,0.512825,0.996836,-0.0184434,0.0459727,0.0621666
5.52,1.47087,-0.180439,0.514451,0.996831,-0.0197753,0.0497813,0.0588118
5.53,1.48783,-0.155755,0.517076,0.99681,-0.0210469,0.0534586,0.0553974
5.54,1.50431,-0.130798,0.518966,0.996755,-0.0220606,0.0567046,0.0527052
5.55,1.51909,-0.105461,0.521354,0.996632,-0.023278,0.0607432,0.0499346
5.56,1.53343,-0.0809313,0.523803,0.996508,-0.0239644,0.0647816,0.0469076
5.57,1.54682,-0.0550187,0.526246,0.996374,-0.0249877,0.0680849,0.0444875
5.58,1.55893,-0.0299484,0.528988,0.996279,-0.0260581,0.0707243,0.0417973
5.59,1.57069,-0.00245682,0.530873,0.996215,-0.0268988,0.0724522,0.0397728
5.6,1.58069,0.0251683,0.533003,0.996166,-0.0279942,0.0738522,0.0376336
5.61,1.58986,0.0531379,0.534798,0.99612,-0.0289476,0.0751104,0.0355661
5.62,1.59824,0.0820123,0.536603,0.996111,-0.0297132,0.0759583,0.0333146
5.63,1.60513,0.111684,0.538092,0.996084,-0.0303738,0.0769605,0.0311734
5.64,1.61142,0.141252,0.539678,0.996007,-0.0312425,0.0786626,0.0283843
5.65,1.61687,0.169824,0.541717,0.995958,-0.0315418,0.0803249,0.0249207
5.66,1.62103,0.199661,0.543484,0.995916,-0.0320443,0.0813522,0.0224981
5.67,1.62315,0.22958,0.544617,0.995842,-0.0325481,0.0826938,0.0200081
5.68,1.62474,0.258097,0.546536,0.995823,-0.0325829,0.083707,0.0163653
5.69,1.62526,0.285601,0.548246,0.995795,-0.0326576,0.0847989,0.0115936
5.7,1.62446,0.314404,0.549833,0.995794,-0.0327402,0.0852626,0.00729951
5.71,1.62322,0.343767,0.551248,0.995824,-0.0328741,0.0850094,0.00527489
5.72,1.62037,0.371981,0.552879,0.995747,-0.0331861,0.0858526,0.00387492
5.73,1.61684,0.401287,0.55439,0.995638,-0.033548,0.0870369,0.00194387
5.74,1.6127,0.431389,0.556005,0.995477,-0.0332841,0.0889786,-0.00116404
5.75,1.60753,0.46102,0.557417,0.995304,-0.0330391,0.0908377,-0.00515833
5.76,1.60068,0.490577,0.558581,0.995177,-0.0328103,0.0919479,-0.00961275
5.77,1.5925,0.519766,0.560027,0.995086,-0.0324808,0.0922875,-0.0152219
5.78,1.58388,0.549219,0.561301,0.995085,-0.0320865,0.0915524,-0.0198851
5.79,1.57346,0.577442,0.56273,0.995056,-0.0317384,0.0906323,-0.025321
5.8,1.56262,0.605379,0.564305,0.995015,-0.0314316,0.0895302,-0.0306845
5.81,1.55113,0.633375,0.565566,0.994977,-0.030974,0.0883471,-0.035436
5.82,1.5378,0.660638,0.566824,0.994832,-0.0305807,0.0877651,-0.0408793
5.83,1.52397,0.687942,0.568396,0.994723,-0.0303044,0.0867492,-0.0456277
5.84,1.50879,0.714344,0.569611,0.994599,-0.0301669,0.0854943,-0.0505352
5.85,1.49223,0.74087,0.570589,0.994457,-0.0300278,0.0843288,-0.0551645
5.86,1.47643,0.765057,0.571812,0.994358,-0.0299086,0.0823237,-0.059834
5.87,1.45855,0.789099,0.572702,0.994228,-0.029981,0.0805033,-0.0642658
5.88,1.43962,0.813322,0.573753,0.994097,-0.029766,0.0789123,-0.0682529
5.89,1.41957,0.836589,0.574989,0.99385,-0.0297517,0.0776515,-0.0731291
5.9,1.3986,0.860071,0.575749,0.993675,-0.0300594,0.0761351,-0.0768758
5.91,1.37718,0.881347,0.576516,0.993553,-0.0303163,0.0741616,-0.0802055
5.92,1.35563,0.901653,0.577553,0.993508,-0.0306312,0.0713409,-0.0831557
5.93,1.33237,0.921813,0.577749,0.993433,-0.0312316,0.0686338,-0.0860463
5.94,1.30819,0.942152,0.578382,0.993347,-0.0318038,0.0663323,-0.0885997
5.95,1.28394,0.95835,0.578964,0.993267,-0.032438,0.0634104,-0.0913624
5.96,1.25877,0.976418,0.579199,0.99328,-0.0333988,0.0605662,-0.0927929
5.97,1.23328,0.992267,0.579164,0.993183,-0.0346376,0.0581065,-0.0949285
5.98,1.20617,1.00919,0.57905,0.9932,-0.0360184,0.0560422,-0.0954782
5.99,1.17874,1.02413,0.579076,0.993163,-0.0374588,0.0542124,-0.0963611
6,1.1506,1.03729,0.579047,0.993079,-0.038673,0.0519178,-0.0979925
6.01,1.12201,1.04998,0.578419,0.993063,-0.0397922,0.048427,-0.0994846
6.02,1.09321,1.06173,0.577957,0.993105,-0.0409375,0.0442956,-0.100521
6.03,1.06346,1.07247,0.576976,0.993158,-0.0420892,0.0404658,-0.101133
6.04,1.03442,1.08223,0.576815,0.993174,-0.0431703,0.0365611,-0.102008
6.05,1.00375,1.09128,0.575824,0.99309,-0.0439301,0.0331472,-0.103652
6.06,0.972708,1.10051,0.575053,0.992963,-0.0446097,0.0294679,-0.105674
6.07,0.941999,1.1086,0.574545,0.992649,-0.0450554,0.0267821,-0.109091
6.08,0.910016,1.11459,0.573263,0.992205,-0.0455748,0.0248437,-0.113293
6.09,0.878114,1.12012,0.572129,0.9918,-0.0460884,0.0230766,-0.116942
6.1,0.847163,1.12373,0.570927,0.991409,-0.0461464,0.01972,-0.120792
6.11,0.815203,1.12658,0.569956,0.990941,-0.0457777,0.0149767,-0.12536
6.12,0.782142,1.12866,0.56842,0.990525,-0.0456643,0.0103173,-0.129104
6.13,0.749547,1.12921,0.56688,0.990249,-0.0453557,0.00570799,-0.131592
6.14,0.716913,1.12858,0.565591,0.990173,-0.0449904,0.00106351,-0.132411
6.15,0.68515,1.12553,0.563881,0.990035,-0.0445676,-0.00295053,-0.13355
6.16,0.653189,1.12126,0.561792,0.989925,-0.0442705,-0.00659705,-0.134329
6.17,0.619754,1.11791,0.559661,0.989927,-0.0438256,-0.00998015,-0.134256
6.18,0.587359,1.1126,0.55796,0.989852,-0.0432575,-0.0131866,-0.134717
6.19,0.555535,1.10426,0.555693,0.989732,-0.042425,-0.0170021,-0.135432
6.2,0.523896,1.09553,0.553341,0.989621,-0.0416097,-0.0214583,-0.135863
6.21,0.494421,1.08581,0.550713,0.989525,-0.0405177,-0.0264729,-0.136006
6.22,0.463357,1.07649,0.54925,0.989538,-0.0396712,-0.0315427,-0.135077
6.23,0.432656,1.06373,0.546372,0.989492,-0.0387006,-0.0363082,-0.134498
6.24,0.402159,1.0503,0.543531,0.989542,-0.0379794,-0.0405941,-0.133105
6.25,0.372527,1.03591,0.541582,0.989611,-0.0372478,-0.0443917,-0.131577
6.26,0.343674,1.01955,0.539107,0.989706,-0.0362213,-0.0477989,-0.129941
6.27,0.3157,1.00244,0.536495,0.989741,-0.0358233,-0.0507925,-0.128641
6.28,0.28838,0.984216,0.534823,0.989774,-0.0353024,-0.0541497,-0.127161
6.29,0.261637,0.965338,0.53163,0.989834,-0.0347448,-0.0568656,-0.125649
6.3,0.236073,0.944771,0.528803,0.990024,-0.0341956,-0.0592433,-0.123183
6.31,0.210982,0.922915,0.525882,0.990262,-0.033716,-0.0610847,-0.120471
6.32,0.187791,0.901153,0.523644,0.990484,-0.0331803,-0.06341,-0.117554
6.33,0.165429,0.87597,0.519631,0.990543,-0.0326904,-0.0660456,-0.115732
6.34,0.143659,0.852671,0.517429,0.990688,-0.0321122,-0.0689872,-0.112906
6.35,0.122671,0.82749,0.514286,0.990764,-0.0319273,-0.0719572,-0.110405
6.36,0.102072,0.801795,0.511408,0.990875,-0.0314759,-0.0750098,-0.107466
6.37,0.0829585,0.774919,0.508031,0.990937,-0.0313262,-0.0779904,-0.104782
6.38,0.0650607,0.747079,0.505295,0.991066,-0.0309053,-0.0807234,-0.101569
6.39,0.0474566,0.718446,0.502623,0.99126,-0.0304567,-0.0825727,-0.0982749
6.4,0.0319525,0.689286,0.4995,0.991334,-0.0303623,-0.0847006,-0.0957089
6.41,0.0164947,0.659561,0.496583,0.991415,-0.030299,-0.0872757,-0.0925241
6.42,0.00247266,0.628786,0.493466,0.9915,-0.0297325,-0.0900666,-0.0890624
6.43,-0.0109299,0.598382,0.490524,0.991651,-0.0294992,-0.0921054,-0.0852896
6.44,-0.0207356,0.568173,0.487613,0.991709,-0.0293263,-0.0943385,-0.0821814
6.45,-0.0309824,0.536334,0.484613,0.991753,-0.0288418,-0.095936,-0.0799454
6.46,-0.0408646,0.50338,0.482103,0.991783,-0.0286565,-0.0969065,-0.0784533
6.47,-0.047023,0.474742,0.479501,0.991847,-0.0280759,-0.0994483,-0.0745698
6.48,-0.0553403,0.438863,0.475923,0.991892,-0.0276238,-0.100638,-0.0725147
6.49,-0.0596484,0.406948,0.473067,0.991896,-0.0270293,-0.103004,-0.0692989
6.5,-0.0637598,0.373617,0.470308,0.991942,-0.0263138,-0.10473,-0.0662624
6.51,-0.0657795,0.341298,0.467214,0.992003,-0.0260498,-0.106256,-0.0629302
6.52,-0.0670523,0.308664,0.465084,0.992051,-0.0256495,-0.107655,-0.0598877
6.53,-0.0674475,0.275113,0.462909,0.992104,-0.0248848,-0.109111,-0.0566179
6.54,-0.0668481,0.240998,0.460332,0.992183,-0.0243094,-0.110168,-0.0533379
6.55,-0.0639665,0.207616,0.457561,0.992367,-0.0236564,-0.110971,-0.0482968
6.56,-0.0602008,0.173628,0.45503,0.992672,-0.0226863,-0.110873,-0.0423691
6.57,-0.0547215,0.139986,0.45264,0.992944,-0.0220479,-0.110641,-0.0365398
6.58,-0.047881,0.104958,0.450274,0.99314,-0.0212596,-0.110404,-0.0321315
6.59,-0.0406313,0.0709062,0.447939,0.993298,-0.0202011,-0.110375,-0.0277269
6.6,-0.0317669,0.0376933,0.446108,0.993477,-0.0195889,-0.109685,-0.0242647
6.61,-0.0215753,0.00635785,0.443976,0.99354,-0.0189787,-0.110041,-0.0202014
6.62,-0.0104809,-0.0258503,0.442364,0.993502,-0.0176984,-0.111158,-0.0168572
6.63,0.00206356,-0.0584472,0.440141,0.993471,-0.0164394,-0.112053,-0.0137546
6.64,0.0151038,-0.0891357,0.438439,0.993515,-0.0157097,-0.112135,-0.0103593
6.65,0.0289007,-0.118019,0.436633,0.993628,-0.0146559,-0.111537,-0.00692667
6.66,0.0445798,-0.147869,0.435224,0.993815,-0.0135437,-0.110169,-0.00326481
6.67,0.0621509,-0.17683,0.433237,0.993969,-0.0126016,-0.108932,0.000433658
6.68,0.0801187,-0.205481,0.431448,0.994096,-0.011435,-0.107818,0.00408845
6.69,0.0980546,-0.232132,0.430116,0.994271,-0.0101581,-0.106087,0.00827213
6.7,0.117787,-0.259899,0.428938,0.994353,-0.00916759,-0.105109,0.0114221
6.71,0.137825,-0.285118,0.427655,0.994348,-0.00837001,-0.104677,0.0156315
6.72,0.158692,-0.310605,0.426935,0.994386,-0.00690874,-0.103667,0.0200346
6.73,0.181195,-0.335665,0.426491,0.994453,-0.00551557,-0.102241,0.0240706
6.74,0.204074,-0.356879,0.425805,0.994536,-0.00456645,-0.100269,0.028711
6.75,0.227507,-0.381109,0.425733,0.994595,-0.00286645,-0.0986052,0.0324111
6.76,0.252374,-0.402454,0.425256,0.994612,-0.000855413,-0.0972506,0.0358842
6.77,0.278137,-0.421678,0.425013,0.994627,0.000719203,-0.0961592,0.0383341
6.78,0.303806,-0.44076,0.424102,0.994619,0.00227909,-0.0949445,0.0413903
6.79,0.330691,-0.459341,0.424028,0.994465,0.00445092,-0.094315,0.0460817
6.8,0.358002,-0.475697,0.423907,0.994404,0.00637049,-0.0923608,0.0508828
6.81,0.385153,-0.491202,0.424264,0.9943,0.00814137,-0.0905639,0.0556639
6.82,0.41335,-0.503961,0.424528,0.994203,0.00964714,-0.0889094,0.0596836
6.83,0.443188,-0.516763,0.424877,0.9941,0.011569,-0.0877402,0.0627182
6.84,0.472843,-0.530673,0.42543,0.994117,0.0133126,-0.0856154,0.064997
6.85,0.502562,-0.543326,0.426482,0.994207,0.0142365,-0.0828497,0.0669767
6.86,0.533412,-0.553415,0.426652,0.994324,0.0153397,-0.0790094,0.0695808
6.87,0.564854,-0.560921,0.42683,0.994471,0.016455,-0.0741005,0.0725664
6.88,0.596295,-0.568011,0.428318,0.994698,0.01679,-0.0687312,0.0746326
6.89,0.627636,-0.572948,0.429379,0.994999,0.016502,-0.0634888,0.0753283
6.9,0.660857,-0.577589,0.430164,0.995264,0.0166643,-0.0600226,0.0746323
6.91,0.69401,-0.579895,0.43068,0.995567,0.0165011,-0.0569498,0.073015
6.92,0.725363,-0.580478,0.431836,0.995879,0.0157747,-0.053657,0.0713951
6.93,0.758033,-0.581246,0.433327,0.996219,0.0147895,-0.0509391,0.0688126
6.94,0.789677,-0.57924,0.434569,0.99649,0.0137053,-0.0471507,0.0678054
6.95,0.8218,-0.576762,0.435549,0.996756,0.0124884,-0.0422988,0.0673178
6.96,0.85428,-0.574011,0.43756,0.997018,0.0107063,-0.0370597,0.0668356
6.97,0.887146,-0.570639,0.439457,0.997203,0.00922648,-0.0318595,0.0669849
6.98,0.918423,-0.565644,0.441679,0.997278,0.00775631,-0.0263497,0.068428
6.99,0.950361,-0.559599,0.443663,0.99729,0.00572501,-0.0215838,0.0701071
7,0.980646,-0.552357,0.446216,0.997245,0.00363926,-0.0173681,0.0720188
7.01,1.01185,-0.544929,0.448696,0.997197,0.00185176,-0.0142175,0.0734408
7.02,1.04274,-0.535855,0.451232,0.997133,-0.000160741,-0.0111869,0.074831
7.03,1.07153,-0.524801,0.453622,0.997094,-0.00209195,-0.00765859,0.07577
7.04,1.10104,-0.514307,0.456508,0.997144,-0.00344914,-0.00441987,0.0753159
7.05,1.13063,-0.500997,0.459236,0.997106,-0.00498217,-0.000112696,0.0758641
7.06,1.16017,-0.488982,0.462288,0.997143,-0.00627787,0.0050008,0.0751152
7.07,1.18623,-0.474476,0.464962,0.997145,-0.00703347,0.0105012,0.0744506
7.08,1.21342,-0.458909,0.468006,0.997161,-0.00803999,0.0149392,0.0733629
7.09,1.24031,-0.442621,0.471015,0.997121,-0.00930436,0.0186137,0.0729165
7.1,1.2665,-0.426242,0.474201,0.997054,-0.0101236,0.0211613,0.0730259
7.11,1.29152,-0.408864,0.477035,0.997012,-0.0114447,0.023031,0.0728416
7.12,1.3162,-0.38877,0.47962,0.996981,-0.0129669,0.025146,0.0723032
7.13,1.33941,-0.369454,0.482721,0.996982,-0.0140287,0.0287872,0.0707186
7.14,1.36261,-0.34944,0.485799,0.996941,-0.0155202,0.0338549,0.0687205
7.15,1.38489,-0.32624,0.488811,0.996837,-0.0169492,0.0396212,0.0667773
7.16,1.40721,-0.304051,0.492177,0.996812,-0.0176765,0.0453291,0.0632323
7.17,1.42835,-0.279522,0.495152,0.996794,-0.0186068,0.0505421,0.059177
7.18,1.44729,-0.254978,0.497467,0.99684,-0.0194998,0.0544668,0.0544383
7.19,1.46552,-0.229145,0.500181,0.996925,-0.0203195,0.0567484,0.0500681
7.2,1.48287,-0.204075,0.502985,0.997055,-0.0215201,0.0573624,0.0461358
7.21,1.49893,-0.178829,0.506212,0.99716,-0.022715,0.0577671,0.0426427
7.22,1.51388,-0.152181,0.509038,0.997192,-0.0237562,0.0587884,0.0398395
7.23,1.52914,-0.123237,0.512096,0.997227,-0.0251949,0.0600621,0.0359967
7.24,1.54281,-0.0950218,0.514854,0.997264,-0.0260643,0.0617332,0.0312139
7.25,1.55616,-0.066487,0.517843,0.997287,-0.027077,0.0629623,0.0268433
7.26,1.56735,-0.0382667,0.52053,0.997238,-0.0283338,0.065115,0.0217818
7.27,1.57838,-0.00825949,0.524008,0.997176,-0.0293882,0.0667932,0.0177439
7.28,1.58837,0.0211626,0.527106,0.997107,-0.0304885,0.0683251,0.0134149
7.29,1.59594,0.0490845,0.529473,0.996999,-0.031383,0.0702094,0.0089205
7.3,1.60375,0.0787353,0.532624,0.996838,-0.0324864,0.0723391,0.00502824
7.31,1.61086,0.108509,0.535795,0.996612,-0.0330905,0.0752899,-0.000141654
7.32,1.61641,0.137535,0.538296,0.996313,-0.0334686,0.0787968,-0.00565766
7.33,1.62072,0.169118,0.54121,0.996024,-0.0339724,0.0816577,-0.010669
7.34,1.62347,0.197656,0.543581,0.995834,-0.0342779,0.0829932,-0.0158647
7.35,1.62609,0.227215,0.546376,0.995748,-0.0346532,0.0830497,-0.0196791
7.36,1.62655,0.255364,0.548837,0.995618,-0.0352221,0.0833335,-0.0236532
7.37,1.6263,0.284402,0.551291,0.995617,-0.0356563,0.0825802,-0.0256062
7.38,1.6255,0.313305,0.554145,0.995488,-0.0365528,0.0833209,-0.0269372
7.39,1.6237,0.341645,0.5569,0.995318,-0.0372424,0.0849607,-0.0271546
7.4,1.62108,0.369799,0.559505,0.995097,-0.0382071,0.0870001,-0.0274585
7.41,1.61695,0.397058,0.562372,0.994923,-0.0388057,0.0886683,-0.027572
7.42,1.61162,0.424632,0.564871,0.994778,-0.0392657,0.0897176,-0.0287183
7.43,1.60557,0.451904,0.567564,0.994606,-0.0395924,0.0906297,-0.0312736
7.44,1.59759,0.479859,0.569901,0.994439,-0.0398113,0.0917175,-0.0330799
7.45,1.58918,0.507285,0.571738,0.994243,-0.0404461,0.0926909,-0.0354046
7.46,1.57951,0.533091,0.574319,0.994055,-0.0409186,0.0935502,-0.037807
7.47,1.56818,0.560199,0.57676,0.99391,-0.0413971,0.0941353,-0.0395878
7.48,1.55639,0.588229,0.57857,0.9939,-0.041727,0.0930954,-0.0418903
7.49,1.5431,0.612844,0.58022,0.993901,-0.0417491,0.0908922,-0.0464281
7.5,1.53072,0.636731,0.582279,0.993971,-0.0416043,0.0874181,-0.0514664
7.51,1.51454,0.664107,0.58368,0.993897,-0.0418372,0.0856204,-0.0555666
7.52,1.49828,0.689457,0.585326,0.993823,-0.0423753,0.0835692,-0.0594631
7.53,1.48134,0.714179,0.586702,0.993815,-0.0428969,0.0812061,-0.0624342
7.54,1.46309,0.73871,0.587967,0.993725,-0.0433771,0.0792821,-0.065911
7.55,1.44429,0.762724,0.589139,0.993635,-0.0439941,0.0773441,-0.0690719
7.56,1.42447,0.785307,0.590391,0.99345,-0.0448762,0.076405,-0.0721494
7.57,1.40402,0.807629,0.591794,0.993346,-0.0456109,0.0751471,-0.0744121
7.58,1.38268,0.829871,0.593203,0.993274,-0.0463927,0.0729644,-0.077007
7.59,1.36144,0.84887,0.594395,0.993165,-0.046503,0.0696653,-0.0812885
7.6,1.33773,0.870762,0.595273,0.992933,-0.0470565,0.0680115,-0.0851136
7.61,1.31387,0.891589,0.596702,0.992673,-0.0474321,0.0668991,-0.088743
7.62,1.29059,0.909928,0.597931,0.992463,-0.0476113,0.0643687,-0.0927756
7.63,1.26474,0.926793,0.598751,0.992172,-0.0473062,0.061109,-0.098097
7.64,1.2388,0.943951,0.599621,0.991926,-0.0467568,0.0567723,-0.103309
7.65,1.21217,0.96167,0.601003,0.991593,-0.0460849,0.0525852,-0.108881
7.66,1.18435,0.977431,0.601149,0.991284,-0.045047,0.0484967,-0.113908
7.67,1.15719,0.993089,0.602227,0.991045,-0.0445772,0.0444796,-0.117747
7.68,1.12873,1.00637,0.602881,0.990874,-0.0440454,0.0412589,-0.120524
7.69,1.10043,1.01837,0.603446,0.990754,-0.0436189,0.0387618,-0.122479
7.7,1.07182,1.03094,0.604487,0.990672,-0.0433117,0.0358686,-0.124124
7.71,1.04337,1.04179,0.60505,0.990401,-0.0428686,0.032747,-0.127262
7.72,1.01139,1.0535,0.604714,0.990045,-0.0422271,0.0303548,-0.130791
7.73,0.982735,1.06296,0.605203,0.989623,-0.042064,0.0272815,-0.134659
7.74,0.952867,1.07182,0.605307,0.989187,-0.0419061,0.0244719,-0.138395
7.75,0.922414,1.07883,0.605271,0.988777,-0.0417179,0.0217606,-0.141798
7.76,0.890647,1.08557,0.604908,0.9884,-0.0418087,0.0196309,-0.144676
7.77,0.860348,1.0882,0.604325,0.98796,-0.0419466,0.0170436,-0.147939
7.78,0.829209,1.09259,0.602961,0.987707,-0.0422131,0.0148032,-0.149777
7.79,0.798549,1.09467,0.601951,0.98754,-0.0429188,0.0124584,-0.150889
7.8,0.766511,1.09604,0.60072,0.987495,-0.0434705,0.00958139,-0.151237
7.81,0.734154,1.09604,0.599679,0.987287,-0.0439633,0.00689107,-0.152593
7.82,0.702307,1.0958,0.598025,0.987209,-0.0446058,0.00384545,-0.153018
7.83,0.670756,1.09269,0.59619,0.98693,-0.0450645,0.000341758,-0.154718
7.84,0.637997,1.0895,0.594367,0.986994,-0.0452659,-0.003221,-0.154221
7.85,0.606342,1.08427,0.592348,0.986981,-0.0457229,-0.00702259,-0.154042
7.86,0.575556,1.07807,0.590383,0.9869,-0.0459693,-0.0111665,-0.154243
7.87,0.543916,1.06976,0.588504,0.986813,-0.045927,-0.0154048,-0.154443
7.88,0.512573,1.06046,0.58564,0.986763,-0.0460147,-0.0188428,-0.15436
7.89,0.48125,1.05072,0.583145,0.986808,-0.0460652,-0.0218363,-0.153662
7.9,0.450175,1.03921,0.580317,0.986843,-0.045629,-0.0258023,-0.152947
7.91,0.420828,1.02687,0.578406,0.98684,-0.045232,-0.0308629,-0.152149
7.92,0.390211,1.01195,0.575211,0.986824,-0.0447817,-0.0357589,-0.151307
7.93,0.361221,0.99701,0.572635,0.986868,-0.0440586,-0.0402376,-0.150106
7.94,0.332328,0.980645,0.56943,0.986971,-0.0433599,-0.0443734,-0.148456
7.95,0.304379,0.964465,0.567677,0.987189,-0.0427188,-0.0485395,-0.145867
7.96,0.276352,0.944338,0.563667,0.987247,-0.0419724,-0.0528143,-0.144194
7.97,0.2486,0.922926,0.559446,0.987243,-0.0413536,-0.0571469,-0.142746
7.98,0.223627,0.90237,0.556584,0.987296,-0.0405067,-0.062176,-0.140497
7.99,0.19691,0.880198,0.553041,0.987265,-0.0401262,-0.0653561,-0.139381
8,0.172071,0.857188,0.549496,0.987296,-0.0395378,-0.0686543,-0.137733
8.01,0.149097,0.831247,0.545,0.987345,-0.0388638,-0.0728294,-0.135407
8.02,0.127502,0.807193,0.54193,0.987563,-0.0381094,-0.0778202,-0.131192
8.03,0.106566,0.781387,0.537525,0.987741,-0.0374456,-0.0822522,-0.127283
8.04,0.0853122,0.754634,0.533738,0.987914,-0.0366188,-0.0866099,-0.123219
8.05,0.0658054,0.725831,0.529157,0.987972,-0.0359321,-0.090711,-0.119967
8.06,0.0475638,0.698344,0.525496,0.988219,-0.0351611,-0.09392,-0.115611
8.07,0.0310606,0.670033,0.521911,0.988414,-0.0347141,-0.0965993,-0.111813
8.08,0.0153949,0.640309,0.517688,0.988586,-0.0341315,-0.098534,-0.108734
8.09,0.000705867,0.608796,0.513218,0.988755,-0.0336338,-0.0996331,-0.106331
8.1,-0.0134491,0.576727,0.509145,0.989066,-0.0332368,-0.0995818,-0.103571
8.11,-0.0247174,0.545068,0.504496,0.989273,-0.0324248,-0.101021,-0.100414
8.12,-0.0354322,0.513228,0.500663,0.989409,-0.0317931,-0.102458,-0.0977836
8.13,-0.0441854,0.480898,0.496801,0.989477,-0.0308572,-0.104516,-0.0951805
8.14,-0.0521629,0.450107,0.492893,0.989596,-0.0302676,-0.106104,-0.0923371
8.15,-0.0588355,0.417212,0.489165,0.989799,-0.0291717,-0.107182,-0.08921
8.16,-0.0651223,0.38475,0.485401,0.990045,-0.0286615,-0.107672,-0.0860045
8.17,-0.0700038,0.348085,0.480246,0.990205,-0.0275823,-0.107935,-0.0841607
8.18,-0.0725683,0.314822,0.476846,0.99042,-0.0267659,-0.108954,-0.0805071
8.19,-0.0733448,0.282439,0.472721,0.990641,-0.0257903,-0.110092,-0.0764571
8.2,-0.0744736,0.249595,0.470069,0.990887,-0.0250592,-0.110637,-0.0726244
8.21,-0.0725128,0.214037,0.465963,0.991078,-0.0236232,-0.111651,-0.0688522
8.22,-0.0709158,0.17791,0.46155,0.991359,-0.0224763,-0.111775,-0.064872
8.23,-0.0677034,0.144165,0.458435,0.991681,-0.0216527,-0.112052,-0.0595374
8.24,-0.0629429,0.110716,0.455304,0.992066,-0.0203013,-0.111352,-0.0547227
8.25,-0.0567039,0.077165,0.452766,0.992444,-0.0190396,-0.11055,-0.0497107
8.26,-0.0494336,0.0435331,0.44958,0.992781,-0.0181646,-0.109332,-0.0458593
8.27,-0.0411094,0.00815193,0.445156,0.992985,-0.0168257,-0.109327,-0.0417811
8.28,-0.0308325,-0.0230904,0.441691,0.99312,-0.0157016,-0.110098,-0.0366565
8.29,-0.0190719,-0.0560206,0.438037,0.993091,-0.0145923,-0.11188,-0.0322433
8.3,-0.00780052,-0.0895032,0.435141,0.993042,-0.0133356,-0.113571,-0.0281253
8.31,0.00469576,-0.122242,0.431951,0.99302,-0.0119157,-0.114905,-0.0238116
8.32,0.0178321,-0.151059,0.429243,0.993001,-0.0109274,-0.116113,-0.0186156
8.33,0.0324233,-0.181772,0.426327,0.993002,-0.0100439,-0.116751,-0.0147045
8.34,0.0480098,-0.211389,0.424278,0.993078,-0.00860309,-0.116652,-0.0106457
8.35,0.0657678,-0.240753,0.421835,0.993177,-0.00754985,-0.116092,-0.00805891
8.36,0.0842265,-0.268397,0.418931,0.993376,-0.00634528,-0.114605,-0.00546046
8.37,0.104621,-0.295309,0.416702,0.993661,-0.00534015,-0.112255,-0.00297065
8.38,0.125105,-0.322499,0.414419,0.993792,-0.00422996,-0.111171,0.000516698
8.39,0.146215,-0.34749,0.412654,0.993883,-0.00341481,-0.11028,0.00474479
8.4,0.16759,-0.372369,0.411459,0.993918,-0.00219936,-0.109667,0.00974035
8.41,0.190338,-0.394989,0.40993,0.993846,-0.00126389,-0.109703,0.0153134
8.42,0.213051,-0.416709,0.410022,0.993841,-0.000210303,-0.108875,0.0206466
8.43,0.239527,-0.440514,0.408559,0.993751,0.000922715,-0.108824,0.0248053
8.44,0.265512,-0.46163,0.406978,0.99383,0.00252694,-0.107175,0.0284583
8.45,0.291454,-0.479144,0.40656,0.993927,0.00403357,-0.10515,0.0321977
8.46,0.319206,-0.496603,0.406108,0.994129,0.00533507,-0.102299,0.0348361
8.47,0.347393,-0.512881,0.405466,0.994368,0.00683916,-0.098742,0.0378783
8.48,0.376621,-0.529474,0.405069,0.994717,0.00837141,-0.0942532,0.0398028
8.49,0.407161,-0.543544,0.404552,0.995089,0.00970864,-0.0890616,0.0420866
8.5,0.436345,-0.554566,0.404286,0.995494,0.0110311,-0.0830856,0.0443394
8.51,0.46772,-0.568928,0.404878,0.995821,0.0123573,-0.0783763,0.0452301
8.52,0.499098,-0.580115,0.40513,0.996048,0.0131894,-0.0746204,0.0463221
8.53,0.529555,-0.589636,0.405567,0.996176,0.0135729,-0.0716846,0.048059
8.54,0.561574,-0.596748,0.404354,0.996148,0.0140332,-0.0697991,0.0511956
8.55,0.592538,-0.603236,0.404914,0.996202,0.0142254,-0.0668328,0.0539702
8.56,0.624261,-0.608418,0.405527,0.996293,0.0142752,-0.0635885,0.0561582
8.57,0.65857,-0.616772,0.406955,0.996505,0.0138922,-0.0602256,0.0561929
8.58,0.690449,-0.619748,0.40803,0.996677,0.0138748,-0.0561047,0.0573943
8.59,0.722962,-0.620755,0.408812,0.996852,0.0134821,-0.0515153,0.0587477
8.6,0.756521,-0.619886,0.408945,0.997027,0.0125309,-0.0466866,0.060005
8.61,0.788695,-0.618632,0.409596,0.997217,0.0120506,-0.0413377,0.0608655
8.62,0.821836,-0.617488,0.411265,0.997457,0.0114221,-0.0358855,0.0605129
8.63,0.855143,-0.614292,0.412377,0.997736,0.0106463,-0.0306168,0.0589245
8.64,0.888458,-0.609477,0.414115,0.998082,0.00932859,-0.0256273,0.0555735
8.65,0.920909,-0.603085,0.415559,0.99838,0.00851144,-0.0212168,0.0520981
8.66,0.9527,-0.594717,0.416996,0.998638,0.00756723,-0.0172472,0.0486631
8.67,0.984749,-0.587417,0.418894,0.998917,0.00648369,-0.0133363,0.0441069
8.68,1.016,-0.577252,0.420859,0.999086,0.00571292,-0.00932852,0.041311
8.69,1.04686,-0.568359,0.423777,0.999206,0.00477627,-0.00440921,0.0392967
8.7,1.07805,-0.558712,0.426299,0.99923,0.00345714,-7.28984e-05,0.0390916
8.71,1.10545,-0.548001,0.429425,0.999138,0.00212358,0.00378268,0.0412844
8.72,1.13443,-0.537675,0.433232,0.999031,0.000428408,0.0068754,0.043479
8.73,1.16205,-0.525075,0.436362,0.998882,-0.00149175,0.00994606,0.0461951
8.74,1.18992,-0.513377,0.440067,0.998714,-0.00315253,0.0131868,0.0488497
8.75,1.21646,-0.499366,0.443749,0.998514,-0.00497134,0.0167637,0.0516226
8.76,1.24353,-0.486219,0.44817,0.998331,-0.00700295,0.0197842,0.0538029
8.77,1.26848,-0.469668,0.451706,0.998091,-0.00924613,0.0228812,0.0566098
8.78,1.29248,-0.454039,0.455225,0.9979,-0.0113654,0.0258428,0.0583035
8.79,1.31499,-0.437668,0.459426,0.997783,-0.0134133,0.0287102,0.0585144
8.8,1.33862,-0.419762,0.463227,0.997716,-0.0152835,0.0302216,0.0584476
8.81,1.36121,-0.399509,0.466989,0.997637,-0.0170562,0.0322927,0.0581878
8.82,1.38272,-0.378269,0.47052,0.997579,-0.0187938,0.0347743,0.0572124
8.83,1.40328,-0.357044,0.47382,0.997487,-0.0201827,0.0384518,0.0559779
8.84,1.42458,-0.332003,0.477335,0.997361,-0.021665,0.0418073,0.0552666
8.85,1.44536,-0.308778,0.480397,0.997281,-0.0233794,0.0451454,0.0533501
8.86,1.46406,-0.28407,0.483691,0.997161,-0.0247914,0.0479189,0.0525336
8.87,1.47864,-0.264755,0.488147,0.997161,-0.0258303,0.0512134,0.048776
8.88,1.49568,-0.237141,0.491122,0.9971,-0.0276023,0.0524537,0.047726
8.89,1.51148,-0.209847,0.494637,0.997064,-0.0288307,0.0537227,0.0463234
8.9,1.52662,-0.184219,0.498236,0.99706,-0.029907,0.0557558,0.0432202
8.91,1.53973,-0.158239,0.501848,0.997037,-0.0308328,0.0588252,0.0388148
8.92,1.55351,-0.128396,0.50549,0.996995,-0.0316558,0.0613816,0.0350758
8.93,1.56702,-0.0986444,0.509293,0.996992,-0.0326469,0.0634519,0.0302586
8.94,1.57741,-0.0691904,0.512734,0.997016,-0.0330998,0.0651111,0.024966
8.95,1.58809,-0.0376598,0.51679,0.996996,-0.0337895,0.0667976,0.0198908
8.96,1.59674,-0.00868024,0.520851,0.996966,-0.0341878,0.0687329,0.0128893
8.97,1.60518,0.0243347,0.524489,0.996891,-0.0341993,0.0707211,0.00610821
8.98,1.61226,0.0569261,0.528025,0.996634,-0.034327,0.0743995,-0.00267096
8.99,1.6181,0.0882749,0.532518,0.996284,-0.034087,0.0781385,-0.0122376
9,1.62264,0.120678,0.536719,0.995845,-0.0337908,0.0819004,-0.0210666
9.01,1.62666,0.150295,0.541162,0.995439,-0.033193,0.0843944,-0.0295995
9.02,1.62848,0.182819,0.544506,0.995246,-0.0324075,0.0847657,-0.0353568
9.03,1.63033,0.21436,0.548769,0.995182,-0.0315649,0.0832971,-0.040952
9.04,1.62912,0.243782,0.55233,0.995232,-0.0304768,0.0803788,-0.0460729
9.05,1.62834,0.27379,0.556286,0.995371,-0.0297891,0.0778166,-0.0478868
9.06,1.62555,0.304174,0.559951,0.995445,-0.0287802,0.0768224,-0.0485708
9.07,1.62281,0.332613,0.5639,0.99544,-0.0282639,0.0766602,-0.0492298
9.08,1.61886,0.363153,0.568166,0.995351,-0.027714,0.0776595,-0.0497649
9.09,1.61432,0.392061,0.572061,0.995194,-0.0269549,0.0791175,-0.0510241
9.1,1.60922,0.42125,0.575833,0.995054,-0.0262549,0.080399,-0.052104
9.11,1.60068,0.448446,0.578812,0.994791,-0.025473,0.0824842,-0.0542045
9.12,1.59295,0.476427,0.582474,0.994654,-0.0249567,0.0838372,-0.0548721
9.13,1.58375,0.504137,0.586205,0.994478,-0.0244775,0.0856426,-0.0554959
9.14,1.57244,0.530406,0.588964,0.994229,-0.0240037,0.0881838,-0.056176
9.15,1.5617,0.55636,0.592478,0.994014,-0.0237662,0.0894713,-0.0580111
9.16,1.54914,0.582634,0.595499,0.993828,-0.0232126,0.0902989,-0.0601023
9.17,1.53537,0.608954,0.598354,0.99367,-0.0225772,0.0905527,-0.0625365
9.18,1.51989,0.635117,0.600949,0.993519,-0.0218992,0.0903006,-0.0654633
9.19,1.50432,0.6606,0.603735,0.993506,-0.0214139,0.0887878,-0.0678598
9.2,1.48696,0.686453,0.605741,0.993474,-0.0209827,0.0868579,-0.0708863
9.21,1.46952,0.710145,0.608155,0.993541,-0.0204599,0.0828563,-0.0747786
9.22,1.44965,0.735516,0.610131,0.993546,-0.0199226,0.0789911,-0.0789352
9.23,1.4284,0.760245,0.612353,0.993382,-0.0194348,0.0751519,-0.0846565
9.24,1.4078,0.781917,0.614382,0.993001,-0.0186371,0.0718901,-0.0918302
9.25,1.38619,0.80541,0.61667,0.992667,-0.0184581,0.0687602,-0.0976923
9.26,1.36341,0.826547,0.618146,0.992428,-0.0182887,0.0652927,-0.10242
9.27,1.34061,0.847435,0.620691,0.992342,-0.0181503,0.0609799,-0.105872
9.28,1.31503,0.867194,0.621792,0.992235,-0.0183561,0.0568443,-0.109096
9.29,1.29052,0.88501,0.622793,0.992106,-0.0185677,0.0522894,-0.112455
9.3,1.26517,0.902876,0.624469,0.992013,-0.0190772,0.0480718,-0.115049
9.31,1.23989,0.920757,0.625759,0.991893,-0.0197204,0.0447142,-0.117303
9.32,1.2133,0.937524,0.626761,0.991587,-0.0207348,0.0422101,-0.120596
9.33,1.18635,0.950836,0.627878,0.991063,-0.0217309,0.0406149,-0.12519
9.34,1.15854,0.964632,0.628441,0.990633,-0.0227523,0.0396559,-0.128667
9.35,1.13195,0.978524,0.629423,0.990311,-0.0239255,0.0381415,-0.131362
9.36,1.10402,0.990935,0.630132,0.990066,-0.0251718,0.036698,-0.133377
9.37,1.07508,1.00261,0.630246,0.989791,-0.0264834,0.0353807,-0.135501
9.38,1.0454,1.01397,0.630234,0.989686,-0.0277304,0.0343899,-0.136272
9.39,1.01568,1.0229,0.629979,0.989469,-0.0294438,0.0333039,-0.137751
9.4,0.986095,1.03018,0.629602,0.989346,-0.0307224,0.0310013,-0.138888
9.41,0.956515,1.03661,0.629446,0.989074,-0.0317831,0.0285088,-0.141105
9.42,0.926225,1.04257,0.628614,0.988809,-0.0331752,0.0261865,-0.143076
9.43,0.894945,1.04775,0.627843,0.988556,-0.0345872,0.0232282,-0.144986
9.44,0.863127,1.05183,0.626748,0.98843,-0.0361348,0.0198029,-0.14597
9.45,0.830889,1.05471,0.625753,0.988441,-0.0377371,0.0165217,-0.145899
9.46,0.800436,1.05607,0.624143,0.988371,-0.0394207,0.0126574,-0.146317
9.47,0.768735,1.05733,0.622688,0.9883,-0.0410545,0.00934121,-0.146596
9.48,0.736704,1.05743,0.621279,0.988132,-0.0425976,0.00623017,-0.14745
9.49,0.703776,1.05644,0.620092,0.987951,-0.044004,0.00293768,-0.14835
9.5,0.673651,1.05221,0.618121,0.98749,-0.0453494,-0.000769799,-0.151019
9.51,0.64254,1.0483,0.616435,0.987076,-0.0462717,-0.00477522,-0.153351
9.52,0.609452,1.04362,0.614689,0.986679,-0.0476068,-0.00774906,-0.155364
9.53,0.578089,1.03795,0.612896,0.986369,-0.0487518,-0.0111636,-0.156763
9.54,0.546458,1.03094,0.610453,0.986113,-0.0497971,-0.0153329,-0.15769
9.55,0.513792,1.02335,0.60823,0.98571,-0.0507418,-0.0199264,-0.159388
9.56,0.483433,1.01334,0.605858,0.985215,-0.0513006,-0.0259364,-0.161392
9.57,0.452855,1.00099,0.602553,0.984516,-0.0519222,-0.0316902,-0.164404
9.58,0.422058,0.989123,0.599122,0.984089,-0.0523791,-0.0364459,-0.165825
9.59,0.390881,0.976068,0.594865,0.983908,-0.0528368,-0.0406549,-0.165772
9.6,0.360649,0.9631,0.591659,0.983802,-0.0539386,-0.0447508,-0.164989
9.61,0.33115,0.948566,0.589708,0.98398,-0.0539568,-0.0486501,-0.162806
9.62,0.304437,0.931554,0.585986,0.984053,-0.0540389,-0.0522372,-0.161219
9.63,0.277544,0.91214,0.580584,0.984062,-0.0540459,-0.0557038,-0.159994
9.64,0.249876,0.893908,0.576216,0.984074,-0.0545271,-0.058854,-0.158622
9.65,0.224527,0.873758,0.572013,0.984053,-0.0539725,-0.0629587,-0.157364
9.66,0.198631,0.854638,0.568665,0.984061,-0.0540064,-0.0670371,-0.155605
9.67,0.174028,0.832691,0.564317,0.984035,-0.0532735,-0.0710874,-0.154218
9.68,0.15178,0.810637,0.559266,0.984071,-0.0529275,-0.0747817,-0.152348
9.69,0.128368,0.787484,0.554487,0.984111,-0.0525034,-0.0781637,-0.150533
9.7,0.107294,0.761792,0.549575,0.98423,-0.0514818,-0.0813375,-0.148411
9.71,0.0871448,0.737344,0.544747,0.9844,-0.0505408,-0.0847896,-0.145644
9.72,0.0671076,0.711144,0.540686,0.984469,-0.0492917,-0.0879572,-0.143719
9.73,0.0484047,0.684857,0.536593,0.984665,-0.0477714,-0.0909147,-0.14102
9.74,0.0289514,0.65589,0.531196,0.984802,-0.0466997,-0.0923493,-0.139482
9.75,0.0149396,0.624915,0.525754,0.984854,-0.0448916,-0.0947201,-0.138112
9.76,-0.00120236,0.595147,0.521063,0.985099,-0.0436951,-0.0955951,-0.13613
9.77,-0.0139941,0.565651,0.516301,0.98526,-0.0421569,-0.0977418,-0.133908
9.78,-0.0275409,0.534089,0.511179,0.985416,-0.0401837,-0.100271,-0.13148
9.79,-0.0394157,0.50347,0.507198,0.985726,-0.0384227,-0.102986,-0.127518
9.8,-0.0504855,0.472068,0.502538,0.986104,-0.0366228,-0.105115,-0.123326
9.81,-0.0579363,0.439359,0.498242,0.986521,-0.0343542,-0.107607,-0.118389
9.82,-0.0658603,0.405594,0.493129,0.986905,-0.0322243,-0.109081,-0.114372
9.83,-0.0725734,0.371522,0.488618,0.987344,-0.0301159,-0.110588,-0.109611
9.84,-0.0792387,0.337453,0.483418,0.987814,-0.0275827,-0.111707,-0.104807
9.85,-0.0841004,0.304308,0.479029,0.98815,-0.0257186,-0.11328,-0.100328
9.86,-0.0854797,0.271145,0.47428,0.988405,-0.0242273,-0.114906,-0.0962524
9.87,-0.0871556,0.235012,0.469449,0.988621,-0.0219761,-0.116418,-0.0926932
9.88,-0.0877848,0.201148,0.464987,0.988887,-0.0205125,-0.117781,-0.088366
9.89,-0.0873456,0.167179,0.460566,0.989084,-0.0189422,-0.119721,-0.0837936
9.9,-0.0849059,0.132588,0.455581,0.989225,-0.0170134,-0.12202,-0.0790931
9.91,-0.0814492,0.0968552,0.450639,0.989351,-0.0151764,-0.124061,-0.0745876
9.92,-0.0755835,0.063216,0.445954,0.98952,-0.0138095,-0.125734,-0.0696511
9.93,-0.0696286,0.0283846,0.441705,0.98979,-0.0120443,-0.126371,-0.0648208
9.94,-0.062025,-0.00558095,0.437202,0.990189,-0.0103131,-0.125556,-0.0604534
9.95,-0.0528215,-0.0383405,0.433151,0.9906,-0.00901432,-0.124356,-0.0562621
9.96,-0.0432095,-0.0723979,0.428904,0.990994,-0.0073026,-0.122911,-0.0526391
9.97,-0.0314464,-0.104542,0.424895,0.991253,-0.0055581,-0.12294,-0.0476605
9.98,-0.0184053,-0.136312,0.420386,0.991443,-0.00408821,-0.12302,-0.0434813
9.99,-0.00536063,-0.169149,0.416246,0.991568,-0.00239706,-0.123302,-0.0397855
10,0.00962132,-0.200543,0.412057,0.991727,-0.0004694,-0.123409,-0.0353324
10.01,0.0260273,-0.229762,0.408666,0.991966,0.00149346,-0.122835,-0.0302115
10.02,0.0448522,-0.258653,0.404834,0.992205,0.0032563,-0.121993,-0.0252397
10.03,0.062588,-0.286804,0.401497,0.992568,0.00494941,-0.119962,-0.019833
10.04,0.0825548,-0.315089,0.39769,0.992932,0.00712504,-0.117562,-0.0146159
10.05,0.104485,-0.342069,0.393867,0.993281,0.00906424,-0.114963,-0.00968489
10.06,0.126323,-0.36863,0.391176,0.993562,0.0108828,-0.11265,-0.005027
10.07,0.148152,-0.393079,0.38863,0.99376,0.0126167,-0.110828,-0.000134034
10.08,0.171179,-0.417718,0.386495,0.993933,0.0147401,-0.108906,0.00445172
10.09,0.196525,-0.440758,0.383411,0.994049,0.0161415,-0.107424,0.00807399
10.1,0.222166,-0.46081,0.381351,0.994196,0.0176445,-0.105487,0.0116219
10.11,0.247723,-0.481368,0.38009,0.994411,0.0190636,-0.102922,0.0137883
10.12,0.274996,-0.498999,0.377404,0.994593,0.0206527,-0.100568,0.0156406
10.13,0.302863,-0.515932,0.375741,0.994834,0.0214609,-0.0978345,0.0165104
10.14,0.330768,-0.532647,0.374703,0.995087,0.0218322,-0.0949935,0.0173758
10.15,0.359602,-0.548345,0.373776,0.995223,0.0224843,-0.093199,0.0184041
10.16,0.389111,-0.561029,0.373288,0.995455,0.0229673,-0.090336,0.0195219
10.17,0.419526,-0.574086,0.372879,0.99577,0.0229657,-0.0868741,0.0191843
10.18,0.449366,-0.585494,0.373277,0.996103,0.0224131,-0.0833094,0.0183564
10.19,0.480677,-0.596547,0.373049,0.996372,0.0219753,-0.0803745,0.0173313
10.2,0.512834,-0.60601,0.37235,0.996603,0.0214958,-0.0775569,0.0174558
10.21,0.544373,-0.612837,0.372377,0.996871,0.0203137,-0.0741459,0.0184073
10.22,0.576067,-0.618026,0.372557,0.997104,0.0189603,-0.0708332,0.0201921
10.23,0.608827,-0.626318,0.373634,0.997328,0.0176303,-0.0676169,0.0213232
10.24,0.643297,-0.633575,0.373911,0.997598,0.0161028,-0.0635966,0.022245
10.25,0.675017,-0.637653,0.376402,0.997955,0.0143234,-0.0575828,0.0237667
10.26,0.708184,-0.639529,0.377432,0.998259,0.0127216,-0.0512057,0.0263611
10.27,0.742383,-0.642223,0.379303,0.998505,0.0110583,-0.0448031,0.0293024
10.28,0.775488,-0.643996,0.381076,0.998712,0.00922011,-0.0383625,0.031907
10.29,0.808784,-0.645007,0.383416,0.998831,0.0077967,-0.033264,0.0341951
10.3,0.842014,-0.645427,0.385994,0.998898,0.00655932,-0.0290031,0.0363022
10.31,0.875881,-0.644319,0.387619,0.998944,0.00526351,-0.0252435,0.0380198
10.32,0.907695,-0.640664,0.390624,0.998928,0.00398192,-0.0215451,0.0407711
10.33,0.939739,-0.638054,0.393337,0.998898,0.00336075,-0.0184496,0.0430296
10.34,0.971062,-0.633122,0.397006,0.998849,0.00269353,-0.0151662,0.0454212
10.35,1.00247,-0.627252,0.400417,0.998824,0.0022172,-0.011681,0.0470096
10.36,1.03233,-0.619324,0.404072,0.998793,0.00206429,-0.00770779,0.0484565
10.37,1.0623,-0.610376,0.407724,0.99879,0.00190484,-0.00427933,0.0489538
10.38,1.09273,-0.600143,0.411289,0.998815,0.0015163,-0.00138176,0.0486236
10.39,1.12155,-0.587276,0.415231,0.998792,0.00139404,0.00161646,0.049082
10.4,1.15015,-0.574749,0.418418,0.998788,0.00146589,0.00443972,0.0489926
10.41,1.17843,-0.561349,0.422417,0.998799,0.00126584,0.00832192,0.0482708
10.42,1.20602,-0.546234,0.425969,0.998771,0.00107031,0.0127832,0.0478798
10.43,1.23372,-0.530163,0.429972,0.998747,0.000997417,0.0168344,0.0471092
10.44,1.25943,-0.514119,0.434456,0.99874,0.000455978,0.020966,0.0456009
10.45,1.28483,-0.49639,0.438731,0.998713,2.50177e-05,0.024488,0.0444117
10.46,1.30974,-0.476813,0.443463,0.998687,-0.000674567,0.0274936,0.0432296
10.47,1.33365,-0.456691,0.447562,0.998698,-0.00133873,0.0305596,0.0408206
10.48,1.35525,-0.435386,0.451624,0.998714,-0.00226744,0.0335779,0.0379045
10.49,1.37792,-0.41498,0.456089,0.998768,-0.00291069,0.0361572,0.0338707
10.5,1.39996,-0.391683,0.460866,0.998771,-0.00405518,0.0394945,0.0296792
10.51,1.41988,-0.367473,0.464728,0.998708,-0.00509523,0.0437291,0.0253799
10.52,1.44057,-0.343634,0.469617,0.998646,-0.00634472,0.0474598,0.0203302
10.53,1.45966,-0.317705,0.473916,0.998546,-0.00786623,0.0511196,0.0152209
10.54,1.47709,-0.289451,0.477809,0.998472,-0.00959726,0.0532725,0.0111055
10.55,1.49384,-0.262328,0.4822,0.998431,-0.0112456,0.0544776,0.00648215
10.56,1.51012,-0.236598,0.487314,0.998411,-0.0128182,0.0548674,0.000672614
10.57,1.52482,-0.21105,0.492293,0.998328,-0.014529,0.0556851,-0.00533946
10.58,1.53828,-0.182795,0.49709,0.998219,-0.016452,0.0565808,-0.00930498
10.59,1.55216,-0.155551,0.502623,0.998081,-0.0185977,0.0575325,-0.0133292
10.6,1.56295,-0.127084,0.507396,0.997871,-0.0208158,0.0596549,-0.0161744
10.61,1.57339,-0.0976534,0.512336,0.99764,-0.0232279,0.0619908,-0.018231
10.62,1.58348,-0.070325,0.518044,0.997411,-0.0253266,0.0642236,-0.020134
10.63,1.5918,-0.0407673,0.522382,0.997158,-0.0276116,0.0669205,-0.020881
10.64,1.59946,-0.0115785,0.527331,0.996939,-0.0301197,0.0689376,-0.0212997
10.65,1.60609,0.0174807,0.532262,0.996751,-0.0323734,0.0703793,-0.022065
10.66,1.61191,0.0464343,0.536886,0.996532,-0.034321,0.0717532,-0.0244433
10.67,1.61602,0.0744265,0.54168,0.996263,-0.0361257,0.0733869,-0.0277403
10.68,1.62006,0.102897,0.546983,0.995954,-0.0377382,0.0752137,-0.0315281
10.69,1.62334,0.133517,0.552009,0.995701,-0.0392974,0.0762027,-0.0350376
10.7,1.62448,0.162102,0.555917,0.995401,-0.0402908,0.0773424,-0.039653
10.71,1.62489,0.192176,0.560214,0.995102,-0.0410695,0.0781753,-0.0444217
10.72,1.62339,0.221039,0.563916,0.994747,-0.0418373,0.0795062,-0.049064
10.73,1.62199,0.24973,0.567518,0.994411,-0.0424311,0.0809628,-0.0528333
10.74,1.6197,0.280808,0.571313,0.994183,-0.0430963,0.0823831,-0.0543651
10.75,1.61522,0.308563,0.575294,0.993799,-0.0435254,0.0841885,-0.0581431
10.76,1.6109,0.337945,0.579306,0.993508,-0.0437717,0.0851925,-0.0613902
10.77,1.60479,0.367511,0.582835,0.993214,-0.0439179,0.0863021,-0.0644089
10.78,1.59763,0.395378,0.586439,0.992882,-0.0439478,0.0869493,-0.0685056
10.79,1.58907,0.423173,0.589768,0.992599,-0.0440143,0.0870797,-0.0722947
10.8,1.57981,0.451522,0.593164,0.992264,-0.0440329,0.0874678,-0.0763033
10.81,1.56968,0.480349,0.596836,0.991897,-0.0440087,0.0879461,-0.0804285
10.82,1.55825,0.507186,0.60031,0.991558,-0.0435054,0.0878144,-0.0849063
10.83,1.54557,0.534825,0.603535,0.991349,-0.0432213,0.0868287,-0.088425
10.84,1.53168,0.560315,0.606873,0.9912,-0.0430602,0.0847688,-0.0921027
10.85,1.51672,0.586695,0.609863,0.991213,-0.0428497,0.0819117,-0.0946143
10.86,1.50131,0.611597,0.612951,0.991231,-0.0427916,0.0790905,-0.0968189
10.87,1.48448,0.637377,0.616089,0.991319,-0.0428006,0.0763192,-0.0981288
10.88,1.46687,0.661231,0.619262,0.99124,-0.0431462,0.0743948,-0.100235
10.89,1.44836,0.685889,0.622049,0.991053,-0.0433819,0.0733926,-0.102691
10.9,1.42913,0.708982,0.625328,0.990693,-0.0437369,0.0732746,-0.106043
10.91,1.40942,0.730896,0.628519,0.990216,-0.0440342,0.0733741,-0.110225
10.92,1.38837,0.752227,0.631205,0.989747,-0.0438385,0.0729966,-0.114679
10.93,1.36698,0.772932,0.633729,0.989322,-0.0435905,0.0721606,-0.118888
10.94,1.34342,0.7935,0.635888,0.988982,-0.043145,0.0713603,-0.122311
10.95,1.32021,0.812345,0.638356,0.988577,-0.0424977,0.0699613,-0.126549
10.96,1.29492,0.832769,0.64067,0.988381,-0.0416562,0.0677953,-0.129506
10.97,1.27008,0.848769,0.642181,0.988034,-0.0407101,0.0644691,-0.13407
10.98,1.24398,0.865894,0.64378,0.987713,-0.0397743,0.060289,-0.138586
10.99,1.21682,0.883463,0.645187,0.987457,-0.0389153,0.0561403,-0.142349
11,1.18862,0.899233,0.646002,0.987198,-0.0383643,0.0516971,-0.145932
11.01,1.16033,0.912733,0.646799,0.987082,-0.0376151,0.0466011,-0.1486
11.02,1.13152,0.924878,0.647259,0.98702,-0.0372748,0.041685,-0.150545
11.03,1.10216,0.93803,0.647683,0.987061,-0.0371842,0.0373671,-0.15143
11.04,1.07275,0.948374,0.647781,0.987068,-0.0371951,0.0329624,-0.152405
11.05,1.04237,0.95934,0.647965,0.987198,-0.0374409,0.0289117,-0.152322
11.06,1.01187,0.968735,0.648088,0.987061,-0.0379723,0.0270052,-0.153425
11.07,0.981372,0.976575,0.648239,0.986789,-0.0385754,0.0259543,-0.155195
11.08,0.950255,0.984227,0.64853,0.986497,-0.0392487,0.0251643,-0.157
11.09,0.91904,0.9914,0.648296,0.986225,-0.0395686,0.0229349,-0.158962
11.1,0.888289,0.995569,0.648085,0.985931,-0.0396647,0.0192838,-0.161229
11.11,0.856703,0.999193,0.647465,0.985549,-0.0398846,0.0153965,-0.163907
11.12,0.825483,1.00293,0.646881,0.985277,-0.040273,0.0110942,-0.165786
11.13,0.791915,1.00511,0.645685,0.985018,-0.0409372,0.00744714,-0.167356
11.14,0.759812,1.00606,0.645136,0.984743,-0.0419348,0.00396101,-0.168838
11.15,0.72784,1.00597,0.644727,0.984781,-0.0430878,0.00127218,-0.168371
11.16,0.695995,1.00317,0.643728,0.984905,-0.0443986,-0.00080518,-0.167305
11.17,0.663511,0.99996,0.642787,0.984973,-0.0456192,-0.00300002,-0.166549
11.18,0.630964,0.99606,0.641689,0.984949,-0.04668,-0.00601151,-0.166316
11.19,0.599144,0.990685,0.640656,0.984816,-0.0472211,-0.0101737,-0.166746
11.2,0.568308,0.985028,0.639939,0.984682,-0.0475119,-0.0152236,-0.167069
11.21,0.53601,0.977358,0.638187,0.984399,-0.0480612,-0.020073,-0.168064
11.22,0.504552,0.969158,0.637073,0.984134,-0.048023,-0.0248299,-0.168987
11.23,0.474357,0.960431,0.636223,0.983788,-0.0481908,-0.0295183,-0.170197
11.24,0.442278,0.95064,0.634298,0.983297,-0.0484335,-0.0331996,-0.172274
11.25,0.411892,0.938277,0.631686,0.982759,-0.0479406,-0.0371316,-0.174666
11.26,0.383176,0.926429,0.629831,0.982305,-0.04735,-0.0413322,-0.176426
11.27,0.353162,0.913558,0.627745,0.981807,-0.0468551,-0.0456073,-0.178267
11.28,0.324786,0.89771,0.624337,0.981215,-0.0461613,-0.0503253,-0.180428
11.29,0.296758,0.881633,0.621327,0.980739,-0.0451257,-0.0553378,-0.181803
11.3,0.267706,0.864858,0.618024,0.980339,-0.0443946,-0.0597348,-0.182749
11.31,0.240533,0.846361,0.614186,0.979937,-0.0435054,-0.06308,-0.183989
11.32,0.215627,0.826769,0.608988,0.979508,-0.0425387,-0.065966,-0.185482
11.33,0.190519,0.808026,0.605335,0.979304,-0.041984,-0.0682195,-0.185869
11.34,0.166183,0.787942,0.600586,0.979334,-0.041484,-0.0704084,-0.185007
11.35,0.142298,0.764938,0.595647,0.979366,-0.0414104,-0.0731302,-0.183794
11.36,0.119153,0.742158,0.590302,0.979634,-0.0411809,-0.076739,-0.180923
11.37,0.0969538,0.716091,0.583872,0.979836,-0.0409715,-0.0801759,-0.178365
11.38,0.0752401,0.691402,0.579253,0.980304,-0.0407658,-0.0842434,-0.17391
11.39,0.0550151,0.663425,0.573118,0.980639,-0.0405235,-0.0876757,-0.170348
11.4,0.036744,0.636238,0.567256,0.981122,-0.0402673,-0.0911267,-0.165754
11.41,0.0192606,0.606616,0.560419,0.981517,-0.0401102,-0.0940725,-0.161758
11.42,0.000947963,0.576626,0.553037,0.981828,-0.0396969,-0.0971568,-0.158109
11.43,-0.0155183,0.546415,0.547133,0.982189,-0.0394762,-0.0989484,-0.154778
11.44,-0.0296132,0.51533,0.540842,0.982446,-0.039051,-0.100769,-0.152054
11.45,-0.0424517,0.485273,0.535137,0.982762,-0.0386391,-0.103201,-0.148443
11.46,-0.0543102,0.453203,0.528282,0.983105,-0.0376208,-0.105923,-0.144463
11.47,-0.0658312,0.420167,0.521547,0.983596,-0.0366862,-0.108366,-0.139462
11.48,-0.0750699,0.386126,0.514012,0.984015,-0.0359696,-0.11102,-0.134522
11.49,-0.084116,0.352618,0.507914,0.984558,-0.0349111,-0.113649,-0.128493
11.5,-0.0912119,0.317047,0.500088,0.984983,-0.0340983,-0.115913,-0.123327
11.51,-0.0964314,0.282415,0.493233,0.985518,-0.0331756,-0.117889,-0.117286
11.52,-0.100802,0.249067,0.486773,0.986077,-0.0324191,-0.119535,-0.110959
11.53,-0.103238,0.213909,0.479459,0.986516,-0.0317457,-0.120343,-0.106281
11.54,-0.105153,0.179108,0.472739,0.98697,-0.0305203,-0.121196,-0.10134
11.55,-0.105563,0.144519,0.466636,0.987403,-0.0291925,-0.121777,-0.0967157
11.56,-0.105642,0.109026,0.460026,0.98778,-0.0274052,-0.123062,-0.091632
11.57,-0.103044,0.0743018,0.453353,0.988092,-0.0251169,-0.124826,-0.0863787
11.58,-0.0999899,0.0404853,0.447369,0.988561,-0.0224441,-0.12591,-0.0799346
11.59,-0.094634,0.0047032,0.440447,0.988925,-0.0198891,-0.12645,-0.0751078
11.6,-0.0891639,-0.0293999,0.434401,0.989227,-0.0169982,-0.127059,-0.0706856
11.61,-0.0817613,-0.0627388,0.428099,0.989515,-0.0140803,-0.126902,-0.0675045
11.62,-0.073065,-0.0951855,0.422137,0.989806,-0.0114254,-0.126384,-0.0646584
11.63,-0.0627849,-0.126934,0.416344,0.989969,-0.00903453,-0.126264,-0.062751
11.64,-0.0519122,-0.158315,0.410788,0.990148,-0.00601532,-0.126199,-0.0603626
11.65,-0.0391405,-0.188138,0.405328,0.990398,-0.00363547,-0.1254,-0.0580734
11.66,-0.0261756,-0.218997,0.399666,0.990732,-0.0014335,-0.124278,-0.0548039
11.67,-0.0111701,-0.248018,0.394551,0.990988,0.000894428,-0.123617,-0.0515886
11.68,0.00470875,-0.276425,0.389854,0.991264,0.00332381,-0.122882,-0.0478044
11.69,0.0219542,-0.304677,0.385197,0.991505,0.00515793,-0.122144,-0.0444147
11.7,0.0411427,-0.332168,0.379826,0.991636,0.00684352,-0.122188,-0.0410107
11.71,0.0611455,-0.358756,0.375628,0.991814,0.00879363,-0.121449,-0.0384451
11.72,0.0807568,-0.382428,0.372534,0.992111,0.0103231,-0.119555,-0.0362824
11.73,0.103367,-0.407009,0.367861,0.992353,0.0115857,-0.117747,-0.0351634
11.74,0.125422,-0.430556,0.364586,0.992663,0.0126053,-0.115709,-0.0327437
11.75,0.147926,-0.453484,0.361493,0.992975,0.0141223,-0.113595,-0.0299425
11.76,0.171708,-0.475742,0.358659,0.993255,0.0155346,-0.111693,-0.0269692
11.77,0.198333,-0.494592,0.355513,0.993582,0.0162063,-0.109498,-0.0232867
11.78,0.224358,-0.513626,0.352366,0.993949,0.0170773,-0.106764,-0.0193774
11.79,0.251556,-0.532969,0.349914,0.994329,0.0178284,-0.103625,-0.0159561
11.8,0.280266,-0.550444,0.347733,0.994664,0.0184621,-0.100715,-0.0126041
11.81,0.30973,-0.568002,0.345476,0.994981,0.0185838,-0.0977745,-0.0104144
11.82,0.339378,-0.584175,0.343646,0.995308,0.0187773,-0.0945677,-0.00809829
11.83,0.36781,-0.598521,0.343285,0.995671,0.0190071,-0.0908442,-0.00505808
11.84,0.400011,-0.610996,0.341514,0.995998,0.0187763,-0.0873501,-0.00251958
11.85,0.430951,-0.623391,0.340316,0.996335,0.0183935,-0.0835359,-0.000364354
11.86,0.462166,-0.634082,0.339302,0.996666,0.0179672,-0.0795738,0.00120233
11.87,0.495738,-0.644808,0.33835,0.996948,0.017806,-0.0759821,0.00196927
11.88,0.527884,-0.654745,0.338218,0.997273,0.0171568,-0.0717494,0.00180316
11.89,0.560837,-0.661393,0.338543,0.997572,0.0162982,-0.0676677,0.00235699
11.9,0.594028,-0.667782,0.338411,0.997877,0.0157462,-0.0630824,0.00378885
11.91,0.627471,-0.672485,0.338892,0.998176,0.0149284,-0.0581787,0.00614069
11.92,0.661611,-0.676257,0.339644,0.998408,0.0138646,-0.0539219,0.00907341
11.93,0.695538,-0.67927,0.340301,0.998612,0.013034,-0.049466,0.0125111
11.94,0.728435,-0.682403,0.342511,0.998806,0.0125538,-0.0444507,0.0159259
11.95,0.762223,-0.682814,0.34412,0.998998,0.0115494,-0.0390913,0.0184574
11.96,0.795977,-0.682446,0.346387,0.999165,0.0104397,-0.0340065,0.0200996
11.97,0.829115,-0.680918,0.348457,0.9993,0.00993716,-0.0291223,0.0212883
11.98,0.863106,-0.678943,0.350504,0.999414,0.00940546,-0.0243717,0.022136
11.99,0.895499,-0.673697,0.353028,0.9995,0.0086007,-0.019572,0.0233176
12,0.928124,-0.66812,0.35567,0.999559,0.00767908,-0.0155619,0.0240905
12.01,0.959815,-0.66196,0.358985,0.999573,0.00731616,-0.0121446,0.0255439
12.02,0.992307,-0.653897,0.362063,0.999624,0.00663636,-0.0085753,0.0251965
12.03,1.02291,-0.644515,0.365559,0.9997,0.00574076,-0.00474887,0.0233117
12.04,1.05382,-0.633954,0.368957,0.999795,0.00514297,-0.000719065,0.0195797
12.05,1.08378,-0.621216,0.372702,0.999862,0.00449297,0.00239878,0.0158393
12.06,1.11295,-0.607053,0.376302,0.999906,0.0033957,0.00466183,0.0124334
12.07,1.14259,-0.593024,0.380801,0.99993,0.00198893,0.00609239,0.00993946
12.08,1.17038,-0.57894,0.385057,0.999931,0.00089498,0.00804528,0.00848882
12.09,1.19841,-0.561701,0.389727,0.999908,-0.000752173,0.0106844,0.00834817
12.1,1.22572,-0.545221,0.394071,0.999861,-0.00237726,0.0142201,0.00835247
12.11,1.25082,-0.529941,0.399442,0.999792,-0.00375722,0.0186425,0.00733714
12.12,1.27563,-0.513632,0.404487,0.999716,-0.00531511,0.0222407,0.00664253
12.13,1.30079,-0.495042,0.410037,0.999635,-0.00714745,0.0252934,0.00632501
12.14,1.32442,-0.475512,0.415041,0.99955,-0.0088042,0.0280588,0.00590394
12.15,1.34751,-0.454317,0.421045,0.999463,-0.0104643,0.0305489,0.00551981
12.16,1.36988,-0.433918,0.426381,0.999373,-0.0126938,0.0328545,0.00365696
12.17,1.39025,-0.411556,0.431618,0.999278,-0.0144562,0.0350632,0.0020401
12.18,1.41021,-0.389626,0.437026,0.999182,-0.0163467,0.036964,-0.00122433
12.19,1.42898,-0.364061,0.44209,0.999061,-0.0183611,0.0390194,-0.00415248
12.2,1.44883,-0.34215,0.447744,0.998905,-0.0203491,0.0411604,-0.00893809
12.21,1.4667,-0.31668,0.453366,0.998684,-0.0225445,0.0442095,-0.0129344
12.22,1.48367,-0.29145,0.459063,0.998452,-0.0245038,0.0469083,-0.0170974
12.23,1.4988,-0.266007,0.464668,0.998167,-0.0265323,0.0500686,-0.0212569
12.24,1.51472,-0.239362,0.47009,0.99788,-0.0285208,0.0530821,-0.0245678
12.25,1.52878,-0.213036,0.475519,0.997603,-0.030224,0.0558247,-0.0275371
12.26,1.54175,-0.186786,0.481148,0.99732,-0.0320324,0.0581073,-0.0308353
12.27,1.55384,-0.160553,0.486731,0.997081,-0.0333353,0.0596666,-0.0340308
12.28,1.56498,-0.133987,0.492211,0.996812,-0.0346697,0.0615766,-0.0370444
12.29,1.57497,-0.105586,0.49759,0.996556,-0.0361069,0.0634312,-0.0393588
12.3,1.58334,-0.0778876,0.503243,0.996317,-0.0373152,0.0652904,-0.0412089
12.31,1.59142,-0.0498251,0.508496,0.996014,-0.0390112,0.0676406,-0.0431247
12.32,1.59846,-0.0214304,0.514127,0.995757,-0.0403566,0.0696713,-0.0445514
12.33,1.60412,0.00664753,0.519927,0.995461,-0.0418723,0.0716042,-0.0466579
12.34,1.60855,0.034584,0.52524,0.995181,-0.0429093,0.0731389,-0.0492399
12.35,1.61238,0.0633069,0.531047,0.994911,-0.0439742,0.0744629,-0.0517004
12.36,1.61483,0.0910687,0.536464,0.994571,-0.0445587,0.0759041,-0.0555135
12.37,1.61627,0.120641,0.541544,0.994263,-0.0450031,0.077342,-0.0585985
12.38,1.61646,0.147774,0.5473,0.993893,-0.0453557,0.0786221,-0.0627506
12.39,1.61562,0.175919,0.552579,0.993604,-0.0457643,0.0802043,-0.0649896
12.4,1.61419,0.20457,0.557901,0.993405,-0.0463934,0.0818149,-0.0655808
12.41,1.61091,0.231912,0.563124,0.993173,-0.046775,0.0834835,-0.0667041
12.42,1.60757,0.260807,0.568145,0.993068,-0.0470391,0.083938,-0.0675152
12.43,1.60204,0.28885,0.573408,0.992894,-0.0468962,0.0838086,-0.0702789
12.44,1.59586,0.317296,0.578386,0.992703,-0.0466721,0.0831305,-0.0738309
12.45,1.5888,0.345891,0.583294,0.992385,-0.0463512,0.0826899,-0.0786485
12.46,1.5803,0.373927,0.587813,0.992001,-0.0460176,0.0825508,-0.0836804
12.47,1.57081,0.40234,0.59284,0.991515,-0.0456293,0.0822145,-0.0897595
12.48,1.56055,0.430118,0.597644,0.991048,-0.0447278,0.0814444,-0.0958603
12.49,1.54904,0.457225,0.602071,0.990603,-0.0441216,0.0802618,-0.101572
12.5,1.53687,0.484248,0.607002,0.990145,-0.0435567,0.0793245,-0.106883
12.51,1.52291,0.51056,0.611555,0.98975,-0.0430541,0.0787596,-0.111074
12.52,1.50802,0.536049,0.615645,0.989413,-0.0425922,0.0776529,-0.114969
12.53,1.49227,0.561044,0.619845,0.989255,-0.0422804,0.0765774,-0.117143
12.54,1.47635,0.585582,0.623944,0.989154,-0.0421943,0.0752524,-0.118878
12.55,1.4588,0.609026,0.627804,0.989126,-0.041665,0.0736141,-0.120309
12.56,1.43994,0.632393,0.63127,0.988918,-0.0415776,0.0718176,-0.123103
12.57,1.42059,0.656242,0.634995,0.988669,-0.0411586,0.0696291,-0.12646
12.58,1.40069,0.677035,0.63839,0.988386,-0.040491,0.0671501,-0.130171
12.59,1.38029,0.697846,0.641976,0.988078,-0.0400752,0.0647817,-0.133787
12.6,1.35867,0.719593,0.644878,0.987837,-0.0399834,0.0630088,-0.136414
12.61,1.33553,0.740796,0.647484,0.987583,-0.0400244,0.0616717,-0.138831
12.62,1.31254,0.75953,0.65027,0.987515,-0.040326,0.0596306,-0.140117
12.63,1.28877,0.777292,0.652997,0.987322,-0.0410489,0.0578916,-0.141981
12.64,1.26373,0.79542,0.65507,0.987484,-0.0419216,0.0552705,-0.141646
12.65,1.23843,0.811149,0.65689,0.987471,-0.0427973,0.0527595,-0.142431
12.66,1.21211,0.827418,0.658831,0.987455,-0.0437834,0.0499936,-0.143232
12.67,1.18535,0.842674,0.660433,0.987301,-0.0445584,0.0470045,-0.145059
12.68,1.15861,0.857118,0.662433,0.987054,-0.0453164,0.044447,-0.147296
12.69,1.13046,0.87149,0.664348,0.98668,-0.0459618,0.0432661,-0.149924
12.7,1.10221,0.883633,0.666004,0.98594,-0.0462911,0.042721,-0.154769
12.71,1.07302,0.895503,0.667325,0.98514,-0.0465847,0.042168,-0.159849
12.72,1.04296,0.905832,0.66763,0.984281,-0.0467422,0.0404829,-0.165432
12.73,1.01352,0.916781,0.669534,0.983787,-0.0463665,0.0370071,-0.169248
12.74,0.983379,0.926206,0.670044,0.983346,-0.0458933,0.0332091,-0.172687
12.75,0.952148,0.935307,0.671162,0.983036,-0.0454041,0.0286914,-0.175374
12.76,0.920597,0.941051,0.670909,0.982572,-0.0444243,0.0245602,-0.178818
12.77,0.889276,0.94626,0.671069,0.982025,-0.0436707,0.0203181,-0.1825
12.78,0.857265,0.950491,0.670707,0.981526,-0.0429194,0.0163509,-0.185734
12.79,0.825278,0.954063,0.670698,0.980958,-0.0428527,0.0124615,-0.189026
12.8,0.79278,0.957181,0.670454,0.980672,-0.0430247,0.0090919,-0.190651
12.81,0.760088,0.95911,0.669822,0.980503,-0.0433624,0.00568141,-0.191575
12.82,0.728043,0.958924,0.669018,0.980404,-0.043886,0.00172211,-0.19204
12.83,0.695424,0.957789,0.667541,0.980293,-0.0445809,-0.00195269,-0.192441
12.84,0.662259,0.956386,0.666651,0.980178,-0.0457232,-0.00550016,-0.192691
12.85,0.629699,0.952909,0.665048,0.980058,-0.0470781,-0.00959692,-0.192813
12.86,0.597201,0.948175,0.663152,0.979861,-0.0487656,-0.0141373,-0.19312
12.87,0.565189,0.942014,0.66106,0.979791,-0.0501286,-0.0194688,-0.192658
12.88,0.532728,0.936283,0.659983,0.979615,-0.0519915,-0.0244918,-0.19249
12.89,0.500796,0.92813,0.657124,0.979231,-0.053567,-0.0297729,-0.193264
12.9,0.47015,0.919247,0.654522,0.978695,-0.0552033,-0.0346047,-0.19471
12.91,0.438658,0.909288,0.651187,0.977991,-0.0567731,-0.0390398,-0.196944
12.92,0.406958,0.89867,0.648248,0.977324,-0.0582586,-0.0440264,-0.198762
12.93,0.377369,0.887407,0.644597,0.976568,-0.0594502,-0.0496096,-0.200798
12.94,0.346394,0.874049,0.641078,0.975957,-0.0606406,-0.0544128,-0.202163
12.95,0.317009,0.859143,0.637072,0.975406,-0.0614972,-0.059573,-0.203106
12.96,0.2887,0.843073,0.631816,0.975003,-0.062079,-0.0647832,-0.203267
12.97,0.261162,0.826184,0.626718,0.974827,-0.0628748,-0.0690376,-0.202465
12.98,0.234186,0.808361,0.621492,0.974747,-0.0633825,-0.072083,-0.201632
12.99,0.209913,0.789822,0.616801,0.974751,-0.0636931,-0.0744528,-0.200648
13,0.18392,0.769428,0.610608,0.974755,-0.064188,-0.0757953,-0.199967
13.01,0.158205,0.747174,0.603621,0.975067,-0.0642466,-0.0767317,-0.198063
13.02,0.135232,0.72482,0.597694,0.975593,-0.0644342,-0.0776107,-0.195048
13.03,0.113615,0.702363,0.591298,0.976388,-0.0640492,-0.0783073,-0.19087
13.04,0.0923503,0.679021,0.585585,0.977053,-0.0638062,-0.0795134,-0.187011
13.05,0.0701855,0.652592,0.57835,0.977538,-0.06294,-0.080631,-0.184275
13.06,0.0514355,0.627287,0.571473,0.977926,-0.0612364,-0.0843129,-0.181116
13.07,0.0309093,0.599011,0.563992,0.978147,-0.0596172,-0.0874861,-0.178941
13.08,0.0138748,0.572188,0.557308,0.978453,-0.0575135,-0.0923863,-0.17546
13.09,-0.00455597,0.543581,0.55037,0.978589,-0.0555074,-0.0962224,-0.173275
13.1,-0.0212078,0.513113,0.54242,0.978572,-0.0530347,-0.100933,-0.171452
13.11,-0.0363417,0.484058,0.535956,0.978714,-0.0507196,-0.105815,-0.168374
13.12,-0.0495629,0.45458,0.529171,0.979049,-0.0484403,-0.109794,-0.164506
13.13,-0.062642,0.424148,0.522539,0.979433,-0.0463701,-0.112989,-0.160604
13.14,-0.0740728,0.389571,0.513912,0.979902,-0.0437411,-0.115295,-0.156798
13.15,-0.0832925,0.358453,0.507187,0.98051,-0.0417717,-0.116742,-0.152403
13.16,-0.0932749,0.324421,0.49928,0.981065,-0.039374,-0.117343,-0.148969
13.17,-0.101321,0.292153,0.492331,0.981728,-0.0367909,-0.118643,-0.144157
13.18,-0.108,0.259206,0.484539,0.982212,-0.0345058,-0.119952,-0.140284
13.19,-0.112996,0.226611,0.477281,0.982586,-0.0318015,-0.122711,-0.135848
13.2,-0.116674,0.192436,0.469927,0.982886,-0.0286967,-0.125843,-0.131433
13.21,-0.119639,0.1585,0.463073,0.983205,-0.0258096,-0.12877,-0.126727
13.22,-0.119974,0.124349,0.455841,0.983469,-0.0233607,-0.130935,-0.122879
13.23,-0.11993,0.0898323,0.44801,0.983915,-0.0202953,-0.131957,-0.11869
13.24,-0.118847,0.0549056,0.441161,0.984426,-0.0176683,-0.132177,-0.114557
13.25,-0.115229,0.020277,0.433851,0.984874,-0.0148611,-0.13286,-0.110229
13.26,-0.110422,-0.0142742,0.426914,0.985428,-0.0117886,-0.132862,-0.105553
13.27,-0.103479,-0.0480801,0.420009,0.98598,-0.0089857,-0.132751,-0.100698
13.28,-0.0957622,-0.0817524,0.413472,0.986518,-0.00672528,-0.132244,-0.0961689
13.29,-0.0872433,-0.11526,0.406791,0.98704,-0.00396093,-0.131879,-0.0913436
13.3,-0.0770755,-0.145506,0.401311,0.987633,-0.00143967,-0.131297,-0.0856702
13.31,-0.0654159,-0.179173,0.394707,0.988044,0.000567859,-0.130818,-0.0815826
13.32,-0.0521672,-0.210756,0.388851,0.988479,0.00253696,-0.130044,-0.0774109
13.33,-0.0379643,-0.241002,0.383077,0.98891,0.00444903,-0.128908,-0.0736211
13.34,-0.0228079,-0.271555,0.377695,0.989324,0.00621539,-0.127474,-0.0703546
13.35,-0.00633441,-0.300104,0.372149,0.989617,0.00774981,-0.12693,-0.0669786
13.36,0.0108552,-0.328833,0.366657,0.989872,0.00941782,-0.126426,-0.0638893
13.37,0.0292768,-0.356622,0.361821,0.990181,0.0110795,-0.125831,-0.0598744
13.38,0.0498483,-0.38358,0.356818,0.990586,0.0123416,-0.124229,-0.0561568
13.39,0.0708487,-0.409705,0.352056,0.990933,0.013279,-0.122948,-0.0525329
13.4,0.0923503,-0.435173,0.347498,0.991347,0.0142388,-0.120787,-0.0493811
13.41,0.115595,-0.459792,0.342961,0.991682,0.0148344,-0.118751,-0.0473802
13.42,0.139291,-0.481948,0.338987,0.992068,0.0150919,-0.116091,-0.0457957
13.43,0.163952,-0.503252,0.334992,0.992388,0.0158574,-0.114176,-0.0433514
13.44,0.189308,-0.524164,0.331468,0.992708,0.0160258,-0.112563,-0.0400468
13.45,0.215458,-0.545533,0.327703,0.992984,0.0162306,-0.111381,-0.0362566
13.46,0.243109,-0.565491,0.324163,0.99338,0.0162096,-0.109102,-0.0320848
13.47,0.271512,-0.583924,0.320743,0.993934,0.016404,-0.105011,-0.0282624
13.48,0.300102,-0.599711,0.318016,0.994497,0.0161778,-0.100516,-0.0247083
13.49,0.329593,-0.616458,0.315059,0.995017,0.0158889,-0.0958222,-0.0225331
13.5,0.360386,-0.631469,0.312625,0.995437,0.0160024,-0.0918277,-0.0204277
13.51,0.390924,-0.645659,0.311104,0.99585,0.0161773,-0.0876713,-0.0182833
13.52,0.422452,-0.658075,0.309414,0.996273,0.0160995,-0.0834571,-0.0147095
13.53,0.454427,-0.669753,0.307909,0.996678,0.0157246,-0.0790358,-0.0117623
13.54,0.486724,-0.681083,0.306596,0.997052,0.0156086,-0.0746311,-0.0086479
13.55,0.519322,-0.689663,0.305284,0.99739,0.0153595,-0.0702877,-0.00612837
13.56,0.552207,-0.696692,0.304728,0.997706,0.0144737,-0.0659907,-0.0043195
13.57,0.585488,-0.703842,0.304049,0.997979,0.0138651,-0.0619009,-0.00365734
13.58,0.617755,-0.708668,0.304694,0.998224,0.0134525,-0.0579131,-0.00373834
13.59,0.651097,-0.712588,0.305078,0.998458,0.0129157,-0.0538405,-0.00402342
